Frame Number,Left Pupil X,Left Pupil Y,Right Pupil X,Right Pupil Y
0,1035.0,489.0,1288.0,494.0
1,1036.0,488.0,1288.0,492.0
2,1036.0,487.0,1289.0,492.0
3,1036.0,486.0,1290.0,491.0
4,1037.0,487.0,1291.0,491.0
5,1037.0,487.0,1291.0,492.0
6,1038.0,488.0,1291.0,492.0
7,1039.0,488.0,1291.0,493.0
8,1038.0,489.0,1290.0,493.0
9,1038.0,489.0,1290.0,494.0
10,1037.0,490.0,1290.0,494.0
11,1036.0,491.0,1289.0,494.0
12,1035.0,493.0,1288.0,497.0
13,1035.0,494.0,1287.0,496.0
14,1035.0,497.0,1287.0,499.0
15,1034.0,500.0,1286.0,501.0
16,1034.0,500.0,1286.0,502.0
17,1033.0,501.0,1285.0,502.0
18,1032.0,502.0,1285.0,505.0
19,1032.0,503.0,1284.0,504.0
20,1030.0,504.0,1283.0,506.0
21,1030.0,504.0,1282.0,506.0
22,1029.0,504.0,1282.0,507.0
23,1029.0,504.0,1280.0,508.0
24,1028.0,506.0,1279.0,508.0
25,1027.0,507.0,1279.0,509.0
26,1026.0,507.0,1279.0,509.0
27,1026.0,507.0,1278.0,510.0
28,1025.0,509.0,1278.0,511.0
29,1025.0,508.0,1277.0,510.0
30,1024.0,509.0,1277.0,511.0
31,1023.0,511.0,1276.0,512.0
32,1022.0,510.0,1276.0,512.0
33,1022.0,510.0,1275.0,512.0
34,1022.0,508.0,1275.0,511.0
35,1022.0,509.0,1275.0,510.0
36,1022.0,508.0,1275.0,510.0
37,1021.0,508.0,1274.0,511.0
38,1021.0,509.0,1274.0,511.0
39,1021.0,509.0,1275.0,511.0
40,1021.0,509.0,1274.0,511.0
41,1020.0,508.0,1274.0,510.0
42,1021.0,508.0,1274.0,511.0
43,1020.0,509.0,1274.0,512.0
44,1020.0,509.0,1274.0,512.0
45,1020.0,510.0,1274.0,512.0
46,1021.0,510.0,1274.0,513.0
47,1020.0,510.0,1275.0,513.0
48,1020.0,509.0,1275.0,512.0
49,1020.0,508.0,1275.0,510.0
50,1019.0,506.0,1275.0,509.0
51,1018.0,506.0,1274.0,509.0
52,1017.0,506.0,1274.0,509.0
53,1016.0,506.0,1273.0,510.0
54,1015.0,508.0,1272.0,511.0
55,1013.0,509.0,1272.0,512.0
56,1012.0,510.0,1270.0,512.0
57,1009.0,512.0,1268.0,512.0
58,1009.0,512.0,1267.0,513.0
59,1008.0,511.0,1266.0,513.0
60,1007.0,512.0,1265.0,513.0
61,1007.0,512.0,1265.0,513.0
62,1015.0,512.0,1272.0,514.0
63,1018.0,511.0,1275.0,514.0
64,1018.0,511.0,1275.0,514.0
65,1019.0,512.0,1276.0,514.0
66,1019.0,512.0,1276.0,515.0
67,1020.0,513.0,1278.0,516.0
68,1022.0,514.0,1279.0,517.0
69,1025.0,515.0,1281.0,518.0
70,1028.0,516.0,1283.0,518.0
71,1031.0,515.0,1286.0,518.0
72,1033.0,512.0,1288.0,517.0
73,1036.0,509.0,1291.0,515.0
74,1038.0,508.0,1292.0,513.0
75,1040.0,506.0,1294.0,512.0
76,1041.0,507.0,1295.0,513.0
77,1043.0,508.0,1296.0,515.0
78,1044.0,509.0,1296.0,515.0
79,1044.0,511.0,1297.0,517.0
80,1045.0,513.0,1298.0,518.0
81,1045.0,513.0,1298.0,519.0
82,1046.0,515.0,1299.0,521.0
83,1046.0,517.0,1299.0,523.0
84,1047.0,517.0,1300.0,523.0
85,1047.0,517.0,1299.0,523.0
86,1044.0,516.0,1297.0,522.0
87,1044.0,515.0,1296.0,521.0
88,1044.0,514.0,1296.0,521.0
89,1044.0,514.0,1297.0,520.0
90,1044.0,515.0,1296.0,520.0
91,1043.0,515.0,1295.0,520.0
92,1042.0,516.0,1295.0,521.0
93,1042.0,515.0,1295.0,521.0
94,1042.0,515.0,1295.0,521.0
95,1041.0,517.0,1295.0,522.0
96,1041.0,517.0,1294.0,522.0
97,1041.0,516.0,1294.0,522.0
98,1040.0,517.0,1294.0,522.0
99,1040.0,517.0,1294.0,522.0
100,1039.0,517.0,1293.0,522.0
101,1039.0,518.0,1293.0,523.0
102,1038.0,519.0,1292.0,524.0
103,1036.0,520.0,1290.0,523.0
104,1036.0,520.0,1290.0,524.0
105,1035.0,521.0,1290.0,523.0
106,1035.0,519.0,1290.0,523.0
107,1034.0,519.0,1289.0,522.0
108,1034.0,520.0,1289.0,523.0
109,1034.0,520.0,1289.0,523.0
110,1031.0,520.0,1287.0,522.0
111,1031.0,519.0,1286.0,523.0
112,1030.0,520.0,1286.0,523.0
113,1030.0,518.0,1286.0,523.0
114,1030.0,519.0,1286.0,523.0
115,1030.0,519.0,1285.0,523.0
116,1029.0,519.0,1285.0,523.0
117,1028.0,520.0,1285.0,524.0
118,1028.0,519.0,1284.0,523.0
119,1027.0,520.0,1284.0,523.0
120,1027.0,519.0,1284.0,523.0
121,1027.0,521.0,1283.0,523.0
122,1027.0,522.0,1284.0,525.0
123,1026.0,523.0,1284.0,526.0
124,1026.0,523.0,1283.0,527.0
125,1028.0,524.0,1284.0,526.0
126,1033.0,526.0,1288.0,530.0
127,1032.0,527.0,1288.0,531.0
128,1032.0,528.0,1288.0,531.0
129,1032.0,528.0,1288.0,531.0
130,1033.0,528.0,1289.0,532.0
131,1033.0,528.0,1289.0,533.0
132,1034.0,528.0,1290.0,532.0
133,1037.0,528.0,1293.0,534.0
134,1037.0,529.0,1293.0,534.0
135,1036.0,531.0,1292.0,536.0
136,1036.0,531.0,1292.0,536.0
137,1036.0,532.0,1293.0,537.0
138,1035.0,532.0,1293.0,537.0
139,1036.0,531.0,1294.0,537.0
140,1036.0,531.0,1293.0,536.0
141,1037.0,530.0,1293.0,535.0
142,1038.0,527.0,1294.0,533.0
143,1039.0,525.0,1295.0,531.0
144,1040.0,524.0,1296.0,529.0
145,1041.0,520.0,1296.0,526.0
146,1041.0,516.0,1297.0,524.0
147,1041.0,516.0,1296.0,523.0
148,1041.0,517.0,1296.0,524.0
149,1041.0,518.0,1296.0,524.0
150,1041.0,519.0,1295.0,526.0
151,1041.0,520.0,1295.0,527.0
152,1041.0,522.0,1295.0,528.0
153,1041.0,520.0,1295.0,527.0
154,1041.0,519.0,1295.0,527.0
155,1041.0,518.0,1295.0,526.0
156,1041.0,516.0,1296.0,525.0
157,1041.0,517.0,1296.0,525.0
158,1041.0,516.0,1295.0,524.0
159,1041.0,517.0,1295.0,525.0
160,1041.0,519.0,1295.0,526.0
161,1040.0,520.0,1296.0,526.0
162,1040.0,520.0,1295.0,527.0
163,1039.0,521.0,1295.0,528.0
164,1039.0,519.0,1294.0,527.0
165,1037.0,519.0,1294.0,526.0
166,1036.0,516.0,1293.0,523.0
167,1035.0,512.0,1291.0,520.0
168,1034.0,510.0,1291.0,518.0
169,1034.0,509.0,1292.0,518.0
170,1034.0,511.0,1291.0,519.0
171,1033.0,515.0,1289.0,524.0
172,1033.0,522.0,1289.0,530.0
173,1035.0,528.0,1289.0,536.0
174,1036.0,534.0,1291.0,543.0
175,1037.0,540.0,1292.0,548.0
176,1038.0,544.0,1294.0,551.0
177,1039.0,544.0,1295.0,552.0
178,1040.0,543.0,1296.0,551.0
179,1041.0,542.0,1297.0,550.0
180,1041.0,538.0,1297.0,548.0
181,1041.0,536.0,1296.0,546.0
182,1041.0,534.0,1297.0,544.0
183,1040.0,533.0,1297.0,544.0
184,1039.0,533.0,1296.0,543.0
185,1038.0,532.0,1295.0,542.0
186,1036.0,532.0,1294.0,541.0
187,1035.0,531.0,1294.0,539.0
188,1034.0,528.0,1293.0,537.0
189,1033.0,526.0,1292.0,536.0
190,1032.0,526.0,1291.0,535.0
191,1029.0,525.0,1285.0,533.0
192,1027.0,525.0,1284.0,534.0
193,1026.0,526.0,1282.0,534.0
194,1024.0,529.0,1281.0,536.0
195,1022.0,530.0,1279.0,536.0
196,1022.0,530.0,1278.0,536.0
197,1021.0,530.0,1276.0,536.0
198,1020.0,530.0,1275.0,536.0
199,1019.0,528.0,1274.0,535.0
200,1019.0,527.0,1273.0,533.0
201,1018.0,526.0,1272.0,532.0
202,1018.0,525.0,1271.0,533.0
203,1019.0,524.0,1272.0,533.0
204,1027.0,525.0,1282.0,534.0
205,1028.0,526.0,1284.0,534.0
206,1029.0,525.0,1285.0,535.0
207,1030.0,526.0,1285.0,535.0
208,1031.0,526.0,1287.0,536.0
209,1031.0,528.0,1287.0,538.0
210,1031.0,530.0,1288.0,539.0
211,1032.0,531.0,1289.0,540.0
212,1032.0,531.0,1289.0,540.0
213,1031.0,531.0,1288.0,540.0
214,1030.0,532.0,1287.0,541.0
215,1030.0,531.0,1287.0,541.0
216,1031.0,529.0,1287.0,540.0
217,1031.0,528.0,1289.0,538.0
218,1031.0,527.0,1289.0,538.0
219,1032.0,526.0,1289.0,538.0
220,1032.0,525.0,1288.0,538.0
221,1031.0,526.0,1289.0,539.0
222,1031.0,526.0,1288.0,538.0
223,1032.0,523.0,1288.0,537.0
224,1032.0,523.0,1290.0,536.0
225,1034.0,522.0,1291.0,534.0
226,1036.0,519.0,1293.0,531.0
227,1037.0,517.0,1294.0,530.0
228,1038.0,517.0,1295.0,528.0
229,1038.0,518.0,1294.0,528.0
230,1036.0,517.0,1292.0,527.0
231,1036.0,518.0,1291.0,528.0
232,1036.0,518.0,1292.0,528.0
233,1037.0,518.0,1292.0,528.0
234,1037.0,516.0,1281.0,526.0
235,1037.0,517.0,1282.0,526.0
236,1037.0,518.0,1292.0,526.0
237,1037.0,518.0,1292.0,526.0
238,1037.0,518.0,1293.0,526.0
239,1037.0,518.0,1293.0,527.0
240,1036.0,519.0,1292.0,525.0
241,1035.0,519.0,1292.0,526.0
242,1032.0,520.0,1289.0,526.0
243,1031.0,521.0,1286.0,527.0
244,1031.0,521.0,1287.0,528.0
245,1031.0,522.0,1285.0,529.0
246,1031.0,523.0,1286.0,530.0
247,1032.0,523.0,1286.0,530.0
248,1032.0,523.0,1287.0,530.0
249,1032.0,524.0,1286.0,530.0
250,1033.0,524.0,1289.0,530.0
251,1035.0,524.0,1280.0,530.0
252,1036.0,524.0,1292.0,530.0
253,1038.0,527.0,1294.0,532.0
254,1039.0,525.0,1285.0,531.0
255,1040.0,527.0,1296.0,533.0
256,1042.0,527.0,1296.0,533.0
257,1043.0,528.0,1297.0,535.0
258,1043.0,528.0,1298.0,536.0
259,1044.0,528.0,1298.0,536.0
260,1044.0,528.0,1298.0,536.0
261,1045.0,527.0,1298.0,536.0
262,1045.0,528.0,1299.0,536.0
263,1045.0,527.0,1299.0,537.0
264,1044.0,528.0,1299.0,536.0
265,1044.0,527.0,1299.0,536.0
266,1042.0,527.0,1297.0,535.0
267,1038.0,528.0,1293.0,535.0
268,1037.0,529.0,1292.0,535.0
269,1036.0,530.0,1291.0,536.0
270,1034.0,530.0,1289.0,537.0
271,1033.0,532.0,1289.0,538.0
272,1032.0,533.0,1286.0,539.0
273,1031.0,534.0,1286.0,539.0
274,1031.0,533.0,1286.0,539.0
275,1030.0,534.0,1287.0,539.0
276,1029.0,534.0,1285.0,539.0
277,1029.0,532.0,1284.0,538.0
278,1029.0,531.0,1284.0,537.0
279,1028.0,530.0,1283.0,537.0
280,1028.0,529.0,1284.0,536.0
281,1029.0,527.0,1284.0,535.0
282,1031.0,527.0,1286.0,535.0
283,1031.0,524.0,1286.0,533.0
284,1033.0,523.0,1287.0,533.0
285,1034.0,523.0,1289.0,531.0
286,1034.0,523.0,1292.0,531.0
287,1036.0,523.0,1283.0,530.0
288,1038.0,524.0,1295.0,532.0
289,1039.0,523.0,1295.0,531.0
290,1039.0,522.0,1294.0,530.0
291,1038.0,520.0,1295.0,528.0
292,1038.0,520.0,1294.0,528.0
293,1036.0,519.0,1294.0,527.0
294,1035.0,519.0,1293.0,526.0
295,1038.0,518.0,1295.0,526.0
296,1046.0,520.0,1303.0,528.0
297,1047.0,520.0,1304.0,529.0
298,1047.0,520.0,1304.0,529.0
299,1047.0,522.0,1304.0,530.0
300,1048.0,521.0,1305.0,532.0
301,1048.0,521.0,1306.0,532.0
302,1049.0,521.0,1306.0,532.0
303,1049.0,522.0,1307.0,534.0
304,1051.0,523.0,1308.0,534.0
305,1052.0,524.0,1309.0,535.0
306,1054.0,524.0,1310.0,535.0
307,1055.0,526.0,1311.0,537.0
308,1056.0,527.0,1312.0,538.0
309,1057.0,528.0,1313.0,538.0
310,1057.0,529.0,1313.0,538.0
311,1058.0,528.0,1313.0,539.0
312,1057.0,530.0,1313.0,539.0
313,1056.0,529.0,1311.0,539.0
314,1054.0,530.0,1308.0,538.0
315,1054.0,530.0,1308.0,538.0
316,1054.0,529.0,1308.0,538.0
317,1055.0,528.0,1308.0,537.0
318,1054.0,528.0,1309.0,536.0
319,1052.0,528.0,1308.0,536.0
320,1051.0,529.0,1306.0,536.0
321,1050.0,530.0,1306.0,537.0
322,1050.0,531.0,1305.0,538.0
323,1050.0,531.0,1305.0,539.0
324,1050.0,532.0,1305.0,540.0
325,1049.0,533.0,1304.0,541.0
326,1049.0,534.0,1303.0,542.0
327,1048.0,536.0,1303.0,544.0
328,1048.0,537.0,1302.0,546.0
329,1048.0,539.0,1303.0,548.0
330,1048.0,540.0,1303.0,549.0
331,1049.0,539.0,1302.0,549.0
332,1049.0,538.0,1303.0,547.0
333,1049.0,537.0,1302.0,547.0
334,1049.0,536.0,1302.0,547.0
335,1049.0,537.0,1302.0,547.0
336,1048.0,536.0,1301.0,547.0
337,1048.0,535.0,1300.0,546.0
338,1046.0,538.0,1300.0,548.0
339,1046.0,538.0,1299.0,548.0
340,1046.0,538.0,1299.0,548.0
341,1047.0,537.0,1299.0,548.0
342,1047.0,539.0,1301.0,549.0
343,1047.0,539.0,1300.0,548.0
344,1048.0,540.0,1301.0,550.0
345,1047.0,542.0,1302.0,550.0
346,1048.0,541.0,1301.0,550.0
347,1046.0,540.0,1301.0,550.0
348,1044.0,541.0,1299.0,550.0
349,1041.0,541.0,1298.0,549.0
350,1039.0,540.0,1296.0,548.0
351,1036.0,539.0,1295.0,548.0
352,1033.0,539.0,1294.0,547.0
353,1031.0,540.0,1292.0,547.0
354,1029.0,539.0,1289.0,547.0
355,1027.0,538.0,1286.0,546.0
356,1025.0,540.0,1284.0,546.0
357,1023.0,540.0,1283.0,546.0
358,1023.0,540.0,1282.0,547.0
359,1020.0,542.0,1280.0,549.0
360,1018.0,544.0,1279.0,550.0
361,1018.0,545.0,1278.0,551.0
362,1018.0,547.0,1277.0,553.0
363,1020.0,548.0,1279.0,555.0
364,1021.0,550.0,1280.0,556.0
365,1022.0,551.0,1281.0,557.0
366,1023.0,553.0,1281.0,559.0
367,1024.0,554.0,1282.0,561.0
368,1025.0,554.0,1283.0,561.0
369,1026.0,554.0,1284.0,561.0
370,1027.0,553.0,1285.0,559.0
371,1033.0,549.0,1292.0,556.0
372,1041.0,545.0,1300.0,555.0
373,1043.0,543.0,1301.0,554.0
374,1045.0,543.0,1303.0,554.0
375,1047.0,545.0,1304.0,556.0
376,1050.0,548.0,1306.0,559.0
377,1052.0,553.0,1309.0,563.0
378,1053.0,554.0,1309.0,566.0
379,1054.0,553.0,1310.0,565.0
380,1054.0,552.0,1310.0,564.0
381,1055.0,550.0,1311.0,563.0
382,1055.0,548.0,1311.0,561.0
383,1057.0,546.0,1313.0,559.0
384,1057.0,545.0,1313.0,558.0
385,1058.0,543.0,1314.0,557.0
386,1058.0,544.0,1314.0,557.0
387,1058.0,544.0,1314.0,556.0
388,1058.0,546.0,1314.0,557.0
389,1059.0,548.0,1314.0,559.0
390,1059.0,551.0,1314.0,561.0
391,1060.0,554.0,1314.0,564.0
392,1059.0,557.0,1313.0,567.0
393,1060.0,560.0,1314.0,568.0
394,1060.0,560.0,1313.0,568.0
395,1059.0,558.0,1314.0,568.0
396,1060.0,556.0,1314.0,567.0
397,1061.0,556.0,1314.0,567.0
398,1061.0,555.0,1316.0,566.0
399,1062.0,555.0,1316.0,567.0
400,1062.0,556.0,1316.0,568.0
401,1064.0,561.0,1317.0,571.0
402,1066.0,567.0,1318.0,576.0
403,1066.0,572.0,1318.0,580.0
404,1066.0,573.0,1317.0,582.0
405,1066.0,572.0,1318.0,582.0
406,1065.0,571.0,1318.0,581.0
407,1064.0,569.0,1317.0,579.0
408,1064.0,567.0,1317.0,577.0
409,1062.0,562.0,1318.0,574.0
410,1059.0,558.0,1315.0,570.0
411,1054.0,551.0,1312.0,565.0
412,1046.0,547.0,1308.0,559.0
413,1040.0,544.0,1304.0,557.0
414,1039.0,543.0,1303.0,556.0
415,1039.0,543.0,1303.0,555.0
416,1040.0,542.0,1303.0,555.0
417,1040.0,543.0,1301.0,556.0
418,1040.0,543.0,1300.0,556.0
419,1039.0,543.0,1299.0,556.0
420,1037.0,544.0,1296.0,555.0
421,1035.0,543.0,1295.0,554.0
422,1033.0,544.0,1293.0,554.0
423,1032.0,545.0,1291.0,555.0
424,1030.0,546.0,1291.0,555.0
425,1029.0,547.0,1289.0,556.0
426,1029.0,548.0,1290.0,558.0
427,1029.0,549.0,1290.0,558.0
428,1029.0,548.0,1290.0,559.0
429,1029.0,548.0,1291.0,560.0
430,1029.0,548.0,1290.0,559.0
431,1030.0,548.0,1290.0,559.0
432,1030.0,548.0,1290.0,558.0
433,1030.0,548.0,1291.0,558.0
434,1031.0,547.0,1290.0,558.0
435,1031.0,549.0,1291.0,558.0
436,1031.0,549.0,1292.0,559.0
437,1031.0,548.0,1291.0,560.0
438,1030.0,549.0,1291.0,559.0
439,1030.0,550.0,1291.0,560.0
440,1029.0,551.0,1290.0,560.0
441,1029.0,549.0,1289.0,560.0
442,1029.0,549.0,1289.0,560.0
443,1029.0,550.0,1290.0,560.0
444,1029.0,551.0,1289.0,561.0
445,1029.0,551.0,1289.0,562.0
446,1028.0,553.0,1288.0,564.0
447,1027.0,554.0,1287.0,565.0
448,1027.0,553.0,1287.0,564.0
449,1026.0,553.0,1284.0,564.0
450,1024.0,553.0,1282.0,563.0
451,1023.0,552.0,1281.0,563.0
452,1023.0,553.0,1281.0,563.0
453,1022.0,554.0,1279.0,564.0
454,1020.0,556.0,1279.0,566.0
455,1018.0,557.0,1278.0,567.0
456,1018.0,557.0,1276.0,568.0
457,1016.0,559.0,1276.0,568.0
458,1015.0,558.0,1274.0,569.0
459,1015.0,558.0,1274.0,569.0
460,1014.0,559.0,1272.0,569.0
461,1012.0,561.0,1271.0,571.0
462,1010.0,563.0,1267.0,572.0
463,1008.0,562.0,1266.0,572.0
464,1005.0,561.0,1264.0,572.0
465,1003.0,562.0,1263.0,571.0
466,1002.0,562.0,1263.0,572.0
467,1007.0,561.0,1267.0,572.0
468,1011.0,562.0,1272.0,575.0
469,1012.0,561.0,1272.0,574.0
470,1012.0,560.0,1271.0,574.0
471,1012.0,562.0,1271.0,574.0
472,1013.0,561.0,1272.0,575.0
473,1014.0,562.0,1271.0,575.0
474,1016.0,562.0,1273.0,575.0
475,1017.0,562.0,1274.0,574.0
476,1021.0,561.0,1277.0,574.0
477,1026.0,561.0,1280.0,574.0
478,1031.0,562.0,1285.0,576.0
479,1037.0,563.0,1293.0,577.0
480,1043.0,563.0,1303.0,575.0
481,1050.0,563.0,1303.0,576.0
482,1055.0,563.0,1307.0,576.0
483,1059.0,563.0,1310.0,576.0
484,1062.0,563.0,1311.0,576.0
485,1065.0,563.0,1316.0,576.0
486,1067.0,563.0,1318.0,577.0
487,1069.0,563.0,1319.0,576.0
488,1070.0,563.0,1319.0,576.0
489,1071.0,563.0,1320.0,576.0
490,1071.0,562.0,1321.0,576.0
491,1072.0,563.0,1321.0,576.0
492,1072.0,563.0,1321.0,576.0
493,1073.0,562.0,1320.0,575.0
494,1073.0,563.0,1321.0,575.0
495,1072.0,563.0,1321.0,575.0
496,1072.0,563.0,1321.0,575.0
497,1072.0,563.0,1320.0,575.0
498,1072.0,563.0,1321.0,576.0
499,1071.0,562.0,1321.0,576.0
500,1070.0,564.0,1320.0,577.0
501,1070.0,566.0,1320.0,578.0
502,1069.0,569.0,1319.0,579.0
503,1068.0,571.0,1319.0,581.0
504,1067.0,574.0,1319.0,584.0
505,1065.0,577.0,1317.0,586.0
506,1064.0,579.0,1317.0,587.0
507,1062.0,578.0,1315.0,586.0
508,1059.0,578.0,1313.0,586.0
509,1054.0,577.0,1310.0,585.0
510,1052.0,576.0,1307.0,583.0
511,1048.0,575.0,1303.0,583.0
512,1045.0,576.0,1301.0,582.0
513,1042.0,576.0,1299.0,583.0
514,1040.0,578.0,1297.0,583.0
515,1040.0,579.0,1296.0,585.0
516,1039.0,579.0,1295.0,586.0
517,1038.0,579.0,1295.0,586.0
518,1038.0,580.0,1294.0,586.0
519,1037.0,580.0,1293.0,587.0
520,1036.0,580.0,1292.0,588.0
521,1035.0,579.0,1291.0,588.0
522,1034.0,578.0,1291.0,587.0
523,1033.0,576.0,1290.0,586.0
524,1031.0,573.0,1289.0,581.0
525,1030.0,568.0,1286.0,577.0
526,1029.0,563.0,1287.0,573.0
527,1027.0,560.0,1284.0,568.0
528,1027.0,560.0,1282.0,566.0
529,1033.0,560.0,1285.0,566.0
530,1033.0,560.0,1285.0,567.0
531,1032.0,559.0,1289.0,567.0
532,1031.0,557.0,1289.0,566.0
533,1031.0,558.0,1289.0,567.0
534,1031.0,560.0,1288.0,567.0
535,1030.0,560.0,1288.0,568.0
536,1031.0,562.0,1289.0,570.0
537,1032.0,564.0,1289.0,571.0
538,1033.0,564.0,1289.0,570.0
539,1035.0,564.0,1289.0,570.0
540,1038.0,564.0,1292.0,570.0
541,1039.0,563.0,1293.0,570.0
542,1042.0,564.0,1295.0,571.0
543,1044.0,564.0,1298.0,572.0
544,1045.0,564.0,1301.0,573.0
545,1047.0,563.0,1302.0,572.0
546,1051.0,562.0,1304.0,572.0
547,1055.0,561.0,1308.0,571.0
548,1058.0,562.0,1310.0,571.0
549,1061.0,561.0,1313.0,571.0
550,1063.0,560.0,1312.0,570.0
551,1064.0,561.0,1311.0,569.0
552,1065.0,561.0,1315.0,570.0
553,1066.0,559.0,1316.0,570.0
554,1067.0,561.0,1318.0,571.0
555,1067.0,562.0,1318.0,572.0
556,1067.0,563.0,1319.0,572.0
557,1068.0,563.0,1319.0,572.0
558,1067.0,563.0,1319.0,573.0
559,1068.0,563.0,1319.0,573.0
560,1068.0,563.0,1319.0,573.0
561,1067.0,563.0,1318.0,573.0
562,1067.0,563.0,1318.0,574.0
563,1066.0,564.0,1316.0,573.0
564,1066.0,564.0,1316.0,573.0
565,1066.0,565.0,1319.0,575.0
566,1066.0,566.0,1319.0,576.0
567,1066.0,566.0,1320.0,577.0
568,1067.0,566.0,1320.0,577.0
569,1067.0,567.0,1321.0,577.0
570,1067.0,566.0,1319.0,576.0
571,1066.0,568.0,1319.0,576.0
572,1066.0,568.0,1318.0,577.0
573,1065.0,568.0,1318.0,577.0
574,1066.0,568.0,1318.0,577.0
575,1066.0,568.0,1318.0,578.0
576,1066.0,569.0,1319.0,578.0
577,1067.0,570.0,1319.0,578.0
578,1067.0,572.0,1318.0,579.0
579,1067.0,574.0,1319.0,581.0
580,1067.0,575.0,1318.0,583.0
581,1068.0,576.0,1318.0,584.0
582,1068.0,576.0,1319.0,584.0
583,1067.0,576.0,1318.0,584.0
584,1067.0,577.0,1319.0,584.0
585,1067.0,574.0,1317.0,583.0
586,1065.0,571.0,1316.0,579.0
587,1065.0,565.0,1315.0,574.0
588,1064.0,559.0,1314.0,568.0
589,1064.0,551.0,1311.0,560.0
590,1063.0,546.0,1314.0,556.0
591,1063.0,542.0,1312.0,552.0
592,1063.0,541.0,1311.0,552.0
593,1061.0,542.0,1312.0,552.0
594,1058.0,544.0,1310.0,554.0
595,1056.0,547.0,1309.0,557.0
596,1054.0,549.0,1306.0,558.0
597,1051.0,550.0,1304.0,559.0
598,1049.0,551.0,1302.0,559.0
599,1048.0,552.0,1301.0,558.0
600,1047.0,552.0,1301.0,559.0
601,1046.0,553.0,1299.0,559.0
602,1045.0,554.0,1300.0,561.0
603,1045.0,555.0,1300.0,562.0
604,1045.0,555.0,1299.0,562.0
605,1045.0,557.0,1300.0,563.0
606,1046.0,557.0,1300.0,563.0
607,1047.0,556.0,1300.0,563.0
608,1046.0,557.0,1299.0,563.0
609,1047.0,558.0,1300.0,565.0
610,1048.0,557.0,1301.0,565.0
611,1049.0,558.0,1301.0,565.0
612,1050.0,559.0,1302.0,566.0
613,1050.0,560.0,1301.0,566.0
614,1050.0,561.0,1303.0,567.0
615,1050.0,562.0,1303.0,568.0
616,1051.0,563.0,1303.0,568.0
617,1051.0,562.0,1304.0,569.0
618,1051.0,562.0,1304.0,568.0
619,1052.0,563.0,1305.0,569.0
620,1051.0,564.0,1305.0,569.0
621,1052.0,563.0,1304.0,569.0
622,1051.0,563.0,1304.0,569.0
623,1050.0,563.0,1303.0,569.0
624,1049.0,563.0,1303.0,569.0
625,1049.0,563.0,1302.0,569.0
626,1047.0,564.0,1302.0,570.0
627,1047.0,566.0,1302.0,570.0
628,1047.0,564.0,1300.0,569.0
629,1046.0,564.0,1300.0,570.0
630,1046.0,565.0,1300.0,570.0
631,1046.0,566.0,1301.0,570.0
632,1047.0,566.0,1301.0,571.0
633,1047.0,568.0,1302.0,572.0
634,1050.0,567.0,1304.0,572.0
635,1058.0,566.0,1311.0,574.0
636,1062.0,567.0,1313.0,574.0
637,1062.0,566.0,1314.0,575.0
638,1062.0,565.0,1315.0,574.0
639,1064.0,564.0,1316.0,574.0
640,1065.0,563.0,1317.0,573.0
641,1066.0,562.0,1318.0,573.0
642,1067.0,562.0,1319.0,573.0
643,1068.0,562.0,1321.0,573.0
644,1069.0,563.0,1320.0,574.0
645,1070.0,564.0,1322.0,574.0
646,1070.0,565.0,1322.0,575.0
647,1071.0,567.0,1323.0,577.0
648,1072.0,568.0,1325.0,578.0
649,1073.0,568.0,1327.0,579.0
650,1074.0,569.0,1327.0,579.0
651,1074.0,569.0,1327.0,578.0
652,1075.0,568.0,1328.0,578.0
653,1075.0,568.0,1328.0,578.0
654,1075.0,568.0,1327.0,578.0
655,1076.0,569.0,1327.0,579.0
656,1076.0,570.0,1328.0,579.0
657,1076.0,570.0,1329.0,579.0
658,1076.0,571.0,1329.0,580.0
659,1075.0,571.0,1329.0,580.0
660,1075.0,571.0,1329.0,580.0
661,1076.0,570.0,1329.0,580.0
662,1076.0,571.0,1329.0,580.0
663,1076.0,571.0,1329.0,580.0
664,1076.0,571.0,1329.0,581.0
665,1076.0,571.0,1329.0,580.0
666,1076.0,571.0,1329.0,579.0
667,1075.0,570.0,1329.0,580.0
668,1076.0,570.0,1328.0,579.0
669,1075.0,571.0,1328.0,579.0
670,1075.0,570.0,1327.0,580.0
671,1074.0,571.0,1327.0,579.0
672,1073.0,570.0,1327.0,580.0
673,1072.0,571.0,1326.0,580.0
674,1070.0,573.0,1322.0,580.0
675,1067.0,574.0,1321.0,582.0
676,1066.0,575.0,1319.0,583.0
677,1064.0,576.0,1317.0,585.0
678,1062.0,577.0,1315.0,584.0
679,1060.0,578.0,1314.0,584.0
680,1056.0,578.0,1310.0,584.0
681,1054.0,578.0,1309.0,584.0
682,1053.0,577.0,1307.0,584.0
683,1051.0,578.0,1305.0,585.0
684,1048.0,580.0,1303.0,584.0
685,1047.0,579.0,1301.0,585.0
686,1045.0,579.0,1300.0,585.0
687,1044.0,580.0,1299.0,585.0
688,1044.0,580.0,1298.0,586.0
689,1045.0,581.0,1298.0,587.0
690,1045.0,582.0,1298.0,588.0
691,1044.0,584.0,1298.0,589.0
692,1044.0,583.0,1298.0,590.0
693,1044.0,582.0,1297.0,589.0
694,1044.0,580.0,1298.0,587.0
695,1044.0,578.0,1295.0,584.0
696,1043.0,575.0,1295.0,582.0
697,1043.0,574.0,1296.0,582.0
698,1043.0,574.0,1295.0,581.0
699,1043.0,575.0,1294.0,582.0
700,1043.0,576.0,1295.0,583.0
701,1043.0,577.0,1295.0,583.0
702,1043.0,576.0,1296.0,583.0
703,1043.0,576.0,1295.0,583.0
704,1043.0,576.0,1294.0,581.0
705,1042.0,573.0,1295.0,581.0
706,1042.0,572.0,1294.0,579.0
707,1042.0,572.0,1294.0,579.0
708,1047.0,572.0,1301.0,580.0
709,1049.0,573.0,1303.0,581.0
710,1049.0,573.0,1303.0,581.0
711,1050.0,574.0,1303.0,582.0
712,1050.0,574.0,1305.0,583.0
713,1050.0,572.0,1305.0,582.0
714,1050.0,574.0,1305.0,582.0
715,1050.0,573.0,1305.0,583.0
716,1049.0,575.0,1305.0,584.0
717,1049.0,577.0,1304.0,585.0
718,1049.0,579.0,1305.0,587.0
719,1047.0,579.0,1304.0,587.0
720,1047.0,581.0,1303.0,588.0
721,1048.0,581.0,1303.0,588.0
722,1049.0,581.0,1304.0,589.0
723,1051.0,579.0,1306.0,588.0
724,1053.0,578.0,1306.0,586.0
725,1055.0,576.0,1307.0,585.0
726,1057.0,575.0,1308.0,585.0
727,1058.0,577.0,1310.0,587.0
728,1059.0,580.0,1310.0,588.0
729,1061.0,584.0,1312.0,592.0
730,1063.0,587.0,1314.0,595.0
731,1066.0,589.0,1316.0,596.0
732,1069.0,588.0,1317.0,597.0
733,1070.0,588.0,1319.0,597.0
734,1072.0,589.0,1321.0,598.0
735,1072.0,587.0,1321.0,598.0
736,1073.0,587.0,1321.0,597.0
737,1073.0,587.0,1321.0,597.0
738,1073.0,586.0,1322.0,596.0
739,1073.0,588.0,1324.0,598.0
740,1073.0,589.0,1325.0,599.0
741,1074.0,588.0,1324.0,598.0
742,1074.0,589.0,1324.0,599.0
743,1074.0,588.0,1323.0,599.0
744,1073.0,588.0,1322.0,598.0
745,1072.0,588.0,1323.0,599.0
746,1072.0,590.0,1322.0,599.0
747,1072.0,590.0,1322.0,599.0
748,1072.0,591.0,1322.0,601.0
749,1071.0,592.0,1321.0,601.0
750,1069.0,592.0,1317.0,602.0
751,1067.0,594.0,1317.0,602.0
752,1066.0,593.0,1315.0,601.0
753,1065.0,590.0,1316.0,600.0
754,1065.0,589.0,1315.0,598.0
755,1064.0,587.0,1315.0,597.0
756,1064.0,586.0,1314.0,597.0
757,1064.0,588.0,1315.0,598.0
758,1064.0,589.0,1314.0,599.0
759,1063.0,590.0,1315.0,600.0
760,1064.0,591.0,1313.0,599.0
761,1065.0,593.0,1316.0,601.0
762,1068.0,594.0,1318.0,603.0
763,1069.0,594.0,1318.0,604.0
764,1071.0,594.0,1319.0,603.0
765,1071.0,593.0,1318.0,602.0
766,1071.0,592.0,1320.0,603.0
767,1071.0,591.0,1319.0,602.0
768,1072.0,589.0,1323.0,604.0
769,1072.0,587.0,1322.0,602.0
770,1073.0,586.0,1323.0,601.0
771,1074.0,585.0,1324.0,600.0
772,1075.0,583.0,1327.0,599.0
773,1077.0,580.0,1330.0,598.0
774,0.0,0.0,0.0,0.0
775,0.0,0.0,0.0,0.0
776,0.0,0.0,0.0,0.0
777,1085.0,559.0,1336.0,577.0
778,0.0,0.0,0.0,0.0
779,1088.0,552.0,1332.0,564.0
780,1089.0,550.0,1334.0,558.0
781,1090.0,548.0,1334.0,556.0
782,1090.0,548.0,1335.0,560.0
783,1090.0,548.0,1356.0,554.0
784,1090.0,550.0,1337.0,567.0
785,1089.0,551.0,1334.0,564.0
786,1086.0,552.0,1333.0,568.0
787,1085.0,553.0,1336.0,571.0
788,0.0,0.0,0.0,0.0
789,0.0,0.0,0.0,0.0
790,0.0,0.0,0.0,0.0
791,0.0,0.0,0.0,0.0
792,0.0,0.0,0.0,0.0
793,0.0,0.0,0.0,0.0
794,0.0,0.0,0.0,0.0
795,0.0,0.0,0.0,0.0
796,1076.0,567.0,1324.0,576.0
797,1077.0,565.0,1327.0,577.0
798,1078.0,563.0,1324.0,574.0
799,0.0,0.0,0.0,0.0
800,1079.0,560.0,1322.0,570.0
801,1078.0,560.0,1322.0,571.0
802,1078.0,562.0,1327.0,577.0
803,1078.0,564.0,1326.0,579.0
804,1078.0,567.0,1325.0,582.0
805,1078.0,570.0,1325.0,583.0
806,1078.0,570.0,1325.0,584.0
807,1080.0,570.0,1326.0,584.0
808,1080.0,571.0,1325.0,583.0
809,1081.0,570.0,1326.0,582.0
810,1081.0,568.0,1327.0,581.0
811,1081.0,567.0,1326.0,580.0
812,1079.0,565.0,1326.0,579.0
813,1078.0,563.0,1324.0,577.0
814,1077.0,561.0,1321.0,572.0
815,1076.0,559.0,1320.0,572.0
816,1074.0,559.0,1319.0,572.0
817,1073.0,561.0,1317.0,572.0
818,1072.0,561.0,1316.0,572.0
819,1067.0,562.0,1312.0,570.0
820,1065.0,564.0,1312.0,572.0
821,1063.0,564.0,1312.0,573.0
822,1062.0,564.0,1311.0,573.0
823,1062.0,564.0,1310.0,574.0
824,1061.0,566.0,1310.0,575.0
825,1060.0,565.0,1310.0,574.0
826,1060.0,565.0,1310.0,573.0
827,1059.0,565.0,1309.0,573.0
828,1059.0,564.0,1309.0,572.0
829,1059.0,564.0,1308.0,572.0
830,1058.0,564.0,1308.0,572.0
831,1058.0,563.0,1309.0,572.0
832,1057.0,562.0,1307.0,570.0
833,1056.0,561.0,1305.0,569.0
834,1055.0,561.0,1306.0,571.0
835,1055.0,561.0,1306.0,571.0
836,1054.0,562.0,1306.0,570.0
837,1055.0,561.0,1306.0,571.0
838,1054.0,562.0,1305.0,570.0
839,1054.0,562.0,1305.0,570.0
840,1053.0,561.0,1305.0,570.0
841,1053.0,560.0,1304.0,570.0
842,1052.0,560.0,1305.0,570.0
843,1053.0,560.0,1306.0,570.0
844,1053.0,562.0,1306.0,572.0
845,1052.0,564.0,1306.0,573.0
846,1052.0,567.0,1305.0,574.0
847,1050.0,568.0,1304.0,575.0
848,1049.0,567.0,1302.0,575.0
849,1048.0,566.0,1302.0,575.0
850,1047.0,566.0,1301.0,574.0
851,1046.0,567.0,1299.0,573.0
852,1045.0,566.0,1299.0,573.0
853,1043.0,566.0,1297.0,573.0
854,1041.0,566.0,1295.0,573.0
855,1037.0,567.0,1292.0,573.0
856,1034.0,568.0,1289.0,574.0
857,1028.0,570.0,1282.0,574.0
858,1024.0,572.0,1278.0,575.0
859,1019.0,574.0,1273.0,576.0
860,1014.0,574.0,1268.0,576.0
861,1009.0,576.0,1264.0,578.0
862,1005.0,576.0,1260.0,579.0
863,1001.0,577.0,1256.0,579.0
864,998.0,578.0,1254.0,580.0
865,995.0,579.0,1250.0,580.0
866,991.0,580.0,1247.0,581.0
867,988.0,581.0,1244.0,581.0
868,986.0,579.0,1241.0,579.0
869,983.0,578.0,1239.0,577.0
870,980.0,574.0,1237.0,574.0
871,977.0,570.0,1232.0,569.0
872,975.0,570.0,1231.0,568.0
873,973.0,570.0,1231.0,568.0
874,971.0,571.0,1229.0,568.0
875,971.0,572.0,1229.0,568.0
876,971.0,575.0,1227.0,570.0
877,972.0,579.0,1229.0,573.0
878,974.0,580.0,1232.0,576.0
879,976.0,581.0,1234.0,578.0
880,979.0,580.0,1237.0,577.0
881,982.0,582.0,1244.0,579.0
882,985.0,582.0,1247.0,579.0
883,987.0,581.0,1247.0,580.0
884,990.0,580.0,1254.0,578.0
885,992.0,579.0,1257.0,578.0
886,993.0,578.0,1258.0,577.0
887,994.0,579.0,1257.0,578.0
888,994.0,579.0,1253.0,581.0
889,994.0,579.0,1253.0,580.0
890,993.0,577.0,1258.0,577.0
891,993.0,575.0,1257.0,574.0
892,991.0,571.0,1257.0,572.0
893,990.0,565.0,1256.0,568.0
894,990.0,562.0,1255.0,565.0
895,991.0,560.0,1257.0,562.0
896,993.0,559.0,1258.0,561.0
897,994.0,559.0,1258.0,561.0
898,995.0,559.0,1254.0,563.0
899,996.0,561.0,1256.0,564.0
900,999.0,562.0,1258.0,565.0
901,1000.0,564.0,1259.0,565.0
902,1003.0,563.0,1268.0,565.0
903,1005.0,563.0,1264.0,567.0
904,1008.0,564.0,1267.0,569.0
905,1009.0,566.0,1269.0,571.0
906,1010.0,568.0,1270.0,573.0
907,1011.0,573.0,1272.0,578.0
908,1012.0,578.0,1276.0,583.0
909,1012.0,587.0,1278.0,589.0
910,1013.0,592.0,1274.0,596.0
911,1014.0,599.0,1275.0,600.0
912,1017.0,601.0,1276.0,602.0
913,1017.0,604.0,1277.0,604.0
914,1018.0,604.0,1278.0,605.0
915,1019.0,603.0,1277.0,604.0
916,1018.0,603.0,1278.0,604.0
917,1017.0,602.0,1277.0,604.0
918,1017.0,601.0,1276.0,604.0
919,1016.0,601.0,1276.0,603.0
920,1016.0,601.0,1276.0,604.0
921,1016.0,601.0,1275.0,603.0
922,1014.0,601.0,1273.0,602.0
923,1014.0,600.0,1274.0,603.0
924,1014.0,599.0,1274.0,602.0
925,1013.0,599.0,1273.0,601.0
926,1013.0,600.0,1272.0,601.0
927,1013.0,599.0,1272.0,601.0
928,1012.0,599.0,1271.0,600.0
929,1011.0,599.0,1270.0,600.0
930,1010.0,598.0,1267.0,599.0
931,1009.0,598.0,1267.0,599.0
932,1008.0,599.0,1267.0,600.0
933,1007.0,600.0,1266.0,600.0
934,1007.0,600.0,1265.0,600.0
935,1006.0,600.0,1265.0,601.0
936,1006.0,600.0,1264.0,600.0
937,1004.0,600.0,1263.0,600.0
938,1000.0,598.0,1260.0,600.0
939,1000.0,597.0,1258.0,598.0
940,999.0,596.0,1258.0,597.0
941,998.0,594.0,1257.0,595.0
942,997.0,593.0,1256.0,594.0
943,996.0,593.0,1256.0,593.0
944,996.0,592.0,1255.0,593.0
945,996.0,593.0,1255.0,593.0
946,996.0,593.0,1254.0,594.0
947,995.0,596.0,1254.0,596.0
948,995.0,597.0,1254.0,597.0
949,995.0,597.0,1254.0,598.0
950,995.0,597.0,1254.0,597.0
951,995.0,597.0,1255.0,599.0
952,993.0,596.0,1253.0,597.0
953,993.0,596.0,1252.0,597.0
954,992.0,595.0,1251.0,597.0
955,990.0,595.0,1250.0,597.0
956,988.0,595.0,1247.0,596.0
957,985.0,595.0,1245.0,597.0
958,981.0,594.0,1243.0,596.0
959,979.0,595.0,1240.0,596.0
960,975.0,593.0,1236.0,595.0
961,973.0,593.0,1234.0,594.0
962,971.0,592.0,1232.0,593.0
963,971.0,591.0,1231.0,591.0
964,970.0,590.0,1229.0,590.0
965,969.0,589.0,1228.0,590.0
966,969.0,589.0,1229.0,589.0
967,969.0,589.0,1229.0,589.0
968,969.0,588.0,1228.0,588.0
969,969.0,586.0,1227.0,587.0
970,969.0,585.0,1227.0,586.0
971,969.0,584.0,1227.0,584.0
972,969.0,586.0,1227.0,585.0
973,970.0,587.0,1228.0,586.0
974,975.0,588.0,1235.0,589.0
975,989.0,589.0,1248.0,594.0
976,993.0,589.0,1252.0,595.0
977,994.0,587.0,1253.0,594.0
978,995.0,585.0,1256.0,592.0
979,998.0,582.0,1257.0,589.0
980,1000.0,581.0,1260.0,587.0
981,1003.0,581.0,1263.0,588.0
982,1006.0,581.0,1265.0,588.0
983,1010.0,579.0,1269.0,588.0
984,1014.0,580.0,1271.0,587.0
985,1018.0,579.0,1275.0,588.0
986,1022.0,579.0,1279.0,589.0
987,1028.0,579.0,1282.0,589.0
988,1032.0,580.0,1286.0,589.0
989,1037.0,579.0,1298.0,585.0
990,1041.0,580.0,1296.0,590.0
991,1046.0,580.0,1300.0,591.0
992,1053.0,581.0,1304.0,591.0
993,1059.0,583.0,1311.0,594.0
994,1065.0,585.0,1316.0,595.0
995,1072.0,588.0,1322.0,598.0
996,1078.0,592.0,1327.0,601.0
997,1084.0,596.0,1330.0,604.0
998,1089.0,600.0,1334.0,607.0
999,1094.0,601.0,1337.0,609.0
1000,1095.0,602.0,1340.0,610.0
1001,1094.0,603.0,1338.0,610.0
1002,1093.0,602.0,1339.0,610.0
1003,1092.0,601.0,1337.0,609.0
1004,1091.0,599.0,1335.0,608.0
1005,1087.0,598.0,1334.0,607.0
1006,1085.0,596.0,1333.0,604.0
1007,1082.0,595.0,1331.0,603.0
1008,1079.0,595.0,1328.0,603.0
1009,1076.0,594.0,1325.0,601.0
1010,1073.0,596.0,1324.0,603.0
1011,1070.0,596.0,1321.0,603.0
1012,1068.0,598.0,1320.0,604.0
1013,1066.0,599.0,1318.0,605.0
1014,1064.0,599.0,1316.0,605.0
1015,1062.0,599.0,1314.0,605.0
1016,1060.0,598.0,1312.0,605.0
1017,1058.0,598.0,1311.0,604.0
1018,1055.0,596.0,1308.0,603.0
1019,1052.0,594.0,1306.0,602.0
1020,1048.0,592.0,1303.0,602.0
1021,1045.0,592.0,1301.0,601.0
1022,1042.0,590.0,1298.0,599.0
1023,1039.0,589.0,1297.0,599.0
1024,1039.0,589.0,1296.0,600.0
1025,1039.0,591.0,1295.0,602.0
1026,1040.0,595.0,1295.0,604.0
1027,1039.0,597.0,1293.0,607.0
1028,1038.0,600.0,1292.0,608.0
1029,1039.0,600.0,1293.0,609.0
1030,1039.0,599.0,1293.0,607.0
1031,1039.0,598.0,1292.0,607.0
1032,1039.0,597.0,1292.0,606.0
1033,1039.0,596.0,1293.0,605.0
1034,1040.0,595.0,1293.0,604.0
1035,1039.0,594.0,1294.0,604.0
1036,1039.0,593.0,1292.0,602.0
1037,1039.0,592.0,1293.0,601.0
1038,1039.0,587.0,1294.0,599.0
1039,1039.0,584.0,1294.0,595.0
1040,1038.0,581.0,1292.0,591.0
1041,1038.0,579.0,1291.0,588.0
1042,1037.0,579.0,1291.0,587.0
1043,1036.0,580.0,1289.0,588.0
1044,1034.0,583.0,1288.0,590.0
1045,1032.0,586.0,1286.0,590.0
1046,1030.0,588.0,1284.0,591.0
1047,1029.0,588.0,1284.0,592.0
1048,1028.0,587.0,1283.0,591.0
1049,1027.0,587.0,1282.0,591.0
1050,1026.0,587.0,1282.0,590.0
1051,1026.0,588.0,1280.0,589.0
1052,1024.0,588.0,1279.0,590.0
1053,1022.0,589.0,1277.0,589.0
1054,1021.0,589.0,1277.0,590.0
1055,1021.0,589.0,1276.0,590.0
1056,1021.0,589.0,1277.0,590.0
1057,1021.0,590.0,1277.0,589.0
1058,1021.0,591.0,1276.0,590.0
1059,1021.0,589.0,1276.0,589.0
1060,1021.0,589.0,1277.0,590.0
1061,1021.0,588.0,1277.0,590.0
1062,1020.0,588.0,1274.0,588.0
1063,1020.0,587.0,1274.0,587.0
1064,1019.0,586.0,1274.0,587.0
1065,1018.0,585.0,1273.0,586.0
1066,1018.0,583.0,1272.0,585.0
1067,1017.0,582.0,1273.0,585.0
1068,1016.0,579.0,1271.0,583.0
1069,1013.0,578.0,1267.0,581.0
1070,1011.0,578.0,1267.0,581.0
1071,1010.0,578.0,1265.0,579.0
1072,1009.0,579.0,1264.0,581.0
1073,1006.0,581.0,1262.0,582.0
1074,1004.0,583.0,1259.0,584.0
1075,1001.0,586.0,1257.0,585.0
1076,997.0,587.0,1254.0,586.0
1077,991.0,590.0,1250.0,586.0
1078,987.0,589.0,1245.0,586.0
1079,984.0,591.0,1242.0,585.0
1080,982.0,590.0,1240.0,586.0
1081,981.0,591.0,1239.0,586.0
1082,980.0,592.0,1239.0,587.0
1083,981.0,593.0,1239.0,589.0
1084,980.0,595.0,1239.0,590.0
1085,980.0,594.0,1239.0,590.0
1086,980.0,593.0,1239.0,589.0
1087,980.0,593.0,1239.0,590.0
1088,981.0,594.0,1241.0,590.0
1089,981.0,594.0,1241.0,591.0
1090,982.0,592.0,1240.0,589.0
1091,982.0,590.0,1241.0,588.0
1092,983.0,584.0,1241.0,584.0
1093,983.0,579.0,1242.0,580.0
1094,985.0,574.0,1243.0,577.0
1095,987.0,572.0,1244.0,575.0
1096,988.0,569.0,1243.0,571.0
1097,989.0,569.0,1244.0,571.0
1098,990.0,569.0,1245.0,571.0
1099,990.0,569.0,1246.0,571.0
1100,990.0,571.0,1247.0,572.0
1101,991.0,572.0,1247.0,573.0
1102,991.0,575.0,1249.0,577.0
1103,991.0,578.0,1249.0,579.0
1104,990.0,581.0,1249.0,580.0
1105,989.0,581.0,1249.0,582.0
1106,987.0,583.0,1248.0,583.0
1107,986.0,586.0,1248.0,585.0
1108,986.0,586.0,1247.0,585.0
1109,986.0,587.0,1247.0,587.0
1110,985.0,588.0,1248.0,587.0
1111,985.0,589.0,1248.0,588.0
1112,985.0,589.0,1247.0,588.0
1113,985.0,591.0,1247.0,589.0
1114,985.0,591.0,1247.0,590.0
1115,983.0,590.0,1246.0,589.0
1116,983.0,589.0,1246.0,589.0
1117,984.0,589.0,1246.0,589.0
1118,984.0,589.0,1247.0,589.0
1119,985.0,589.0,1247.0,588.0
1120,986.0,590.0,1249.0,589.0
1121,987.0,589.0,1248.0,589.0
1122,988.0,591.0,1250.0,592.0
1123,988.0,591.0,1250.0,591.0
1124,989.0,589.0,1250.0,590.0
1125,989.0,587.0,1251.0,588.0
1126,991.0,585.0,1251.0,585.0
1127,993.0,582.0,1253.0,584.0
1128,994.0,580.0,1254.0,582.0
1129,995.0,580.0,1255.0,582.0
1130,998.0,580.0,1256.0,581.0
1131,1000.0,582.0,1259.0,584.0
1132,1003.0,584.0,1263.0,587.0
1133,1005.0,587.0,1264.0,590.0
1134,1007.0,590.0,1267.0,592.0
1135,1010.0,591.0,1269.0,593.0
1136,1025.0,593.0,1284.0,597.0
1137,1039.0,594.0,1297.0,600.0
1138,1043.0,594.0,1301.0,602.0
1139,1048.0,593.0,1305.0,602.0
1140,1053.0,592.0,1307.0,599.0
1141,1059.0,591.0,1312.0,600.0
1142,1065.0,593.0,1317.0,603.0
1143,1070.0,594.0,1325.0,605.0
1144,1075.0,595.0,1328.0,607.0
1145,1077.0,596.0,1330.0,608.0
1146,1081.0,598.0,1333.0,610.0
1147,1083.0,598.0,1334.0,610.0
1148,1085.0,598.0,1335.0,610.0
1149,1085.0,597.0,1335.0,610.0
1150,1085.0,597.0,1335.0,609.0
1151,1085.0,597.0,1336.0,609.0
1152,1085.0,597.0,1335.0,609.0
1153,1084.0,595.0,1334.0,607.0
1154,1083.0,596.0,1335.0,608.0
1155,1083.0,596.0,1334.0,607.0
1156,1082.0,597.0,1334.0,608.0
1157,1081.0,596.0,1333.0,607.0
1158,1081.0,597.0,1333.0,607.0
1159,1081.0,597.0,1333.0,608.0
1160,1081.0,597.0,1334.0,609.0
1161,1081.0,598.0,1333.0,609.0
1162,1081.0,598.0,1334.0,609.0
1163,1080.0,598.0,1333.0,610.0
1164,1080.0,597.0,1331.0,608.0
1165,1080.0,596.0,1332.0,608.0
1166,1080.0,596.0,1332.0,608.0
1167,1080.0,596.0,1332.0,608.0
1168,1080.0,596.0,1331.0,607.0
1169,1079.0,596.0,1329.0,606.0
1170,1079.0,597.0,1330.0,607.0
1171,1080.0,597.0,1331.0,607.0
1172,1079.0,597.0,1331.0,608.0
1173,1079.0,597.0,1331.0,608.0
1174,1078.0,598.0,1330.0,608.0
1175,1077.0,599.0,1330.0,609.0
1176,1077.0,599.0,1329.0,608.0
1177,1073.0,598.0,1325.0,606.0
1178,1071.0,596.0,1324.0,605.0
1179,1070.0,593.0,1323.0,603.0
1180,1067.0,591.0,1321.0,601.0
1181,1066.0,591.0,1319.0,601.0
1182,1064.0,592.0,1319.0,601.0
1183,1064.0,594.0,1320.0,603.0
1184,1064.0,597.0,1320.0,605.0
1185,1065.0,601.0,1319.0,609.0
1186,1065.0,604.0,1319.0,612.0
1187,1065.0,607.0,1320.0,615.0
1188,1066.0,609.0,1319.0,616.0
1189,1066.0,610.0,1319.0,616.0
1190,1066.0,611.0,1319.0,616.0
1191,1067.0,610.0,1319.0,616.0
1192,1067.0,610.0,1319.0,618.0
1193,1067.0,612.0,1319.0,619.0
1194,1067.0,614.0,1320.0,620.0
1195,1067.0,616.0,1319.0,622.0
1196,1067.0,619.0,1319.0,624.0
1197,1066.0,620.0,1318.0,624.0
1198,1066.0,620.0,1318.0,625.0
1199,1066.0,618.0,1318.0,624.0
1200,1066.0,617.0,1319.0,624.0
1201,1066.0,615.0,1319.0,623.0
1202,1066.0,616.0,1318.0,621.0
1203,0.0,0.0,0.0,0.0
1204,1077.0,632.0,1308.0,636.0
1205,1077.0,632.0,1306.0,636.0
1206,1075.0,633.0,1308.0,637.0
1207,1078.0,632.0,1304.0,635.0
1208,1076.0,630.0,1301.0,632.0
1209,1073.0,629.0,1303.0,630.0
1210,1076.0,625.0,1300.0,627.0
1211,1074.0,623.0,1300.0,625.0
1212,1075.0,622.0,1301.0,624.0
1213,1074.0,622.0,1304.0,626.0
1214,1072.0,624.0,1304.0,627.0
1215,1072.0,626.0,1304.0,629.0
1216,1073.0,627.0,1303.0,630.0
1217,1073.0,627.0,1305.0,630.0
1218,1084.0,626.0,1291.0,626.0
1219,0.0,0.0,0.0,0.0
1220,0.0,0.0,0.0,0.0
1221,0.0,0.0,0.0,0.0
1222,1066.0,622.0,1318.0,629.0
1223,1065.0,627.0,1316.0,632.0
1224,1066.0,639.0,1315.0,642.0
1225,0.0,0.0,0.0,0.0
1226,1079.0,672.0,1338.0,682.0
1227,0.0,0.0,0.0,0.0
1228,0.0,0.0,0.0,0.0
1229,0.0,0.0,0.0,0.0
1230,1065.0,647.0,1313.0,649.0
1231,1065.0,643.0,1315.0,649.0
1232,1064.0,644.0,1314.0,648.0
1233,1066.0,644.0,1314.0,649.0
1234,1067.0,645.0,1314.0,648.0
1235,1067.0,645.0,1325.0,647.0
1236,1068.0,644.0,1315.0,648.0
1237,1069.0,641.0,1315.0,647.0
1238,0.0,0.0,0.0,0.0
1239,0.0,0.0,0.0,0.0
1240,0.0,0.0,0.0,0.0
1241,0.0,0.0,0.0,0.0
1242,0.0,0.0,0.0,0.0
1243,0.0,0.0,0.0,0.0
1244,0.0,0.0,0.0,0.0
1245,1068.0,627.0,1316.0,630.0
1246,1069.0,624.0,1316.0,628.0
1247,1068.0,623.0,1315.0,628.0
1248,1066.0,623.0,1316.0,628.0
1249,1066.0,624.0,1315.0,626.0
1250,1066.0,625.0,1316.0,629.0
1251,1067.0,626.0,1317.0,630.0
1252,1067.0,628.0,1317.0,630.0
1253,1069.0,628.0,1318.0,631.0
1254,1069.0,627.0,1318.0,630.0
1255,1071.0,626.0,1318.0,629.0
1256,1071.0,625.0,1319.0,626.0
1257,1073.0,622.0,1320.0,627.0
1258,1072.0,622.0,1320.0,625.0
1259,1072.0,623.0,1321.0,626.0
1260,1073.0,624.0,1323.0,627.0
1261,1074.0,625.0,1324.0,629.0
1262,1074.0,626.0,1324.0,629.0
1263,1074.0,626.0,1325.0,628.0
1264,1075.0,626.0,1326.0,629.0
1265,1075.0,627.0,1326.0,629.0
1266,1074.0,627.0,1327.0,629.0
1267,1074.0,627.0,1326.0,629.0
1268,1074.0,627.0,1327.0,630.0
1269,1073.0,627.0,1327.0,629.0
1270,1073.0,627.0,1326.0,629.0
1271,1072.0,627.0,1326.0,629.0
1272,1071.0,629.0,1326.0,630.0
1273,1070.0,630.0,1325.0,632.0
1274,1069.0,633.0,1323.0,634.0
1275,1068.0,634.0,1323.0,635.0
1276,1068.0,635.0,1322.0,635.0
1277,1068.0,635.0,1322.0,636.0
1278,1067.0,634.0,1320.0,635.0
1279,1065.0,633.0,1318.0,635.0
1280,1063.0,632.0,1317.0,634.0
1281,1062.0,631.0,1316.0,634.0
1282,1060.0,630.0,1315.0,633.0
1283,1058.0,631.0,1312.0,634.0
1284,1056.0,631.0,1311.0,634.0
1285,1054.0,631.0,1310.0,635.0
1286,1054.0,631.0,1310.0,635.0
1287,1054.0,631.0,1309.0,635.0
1288,1052.0,631.0,1308.0,634.0
1289,1052.0,632.0,1307.0,636.0
1290,1051.0,632.0,1305.0,635.0
1291,1051.0,632.0,1305.0,634.0
1292,1051.0,631.0,1305.0,634.0
1293,1051.0,629.0,1304.0,633.0
1294,1050.0,629.0,1303.0,633.0
1295,1048.0,628.0,1302.0,633.0
1296,1047.0,629.0,1301.0,631.0
1297,1047.0,628.0,1301.0,631.0
1298,1045.0,629.0,1300.0,631.0
1299,1044.0,629.0,1299.0,631.0
1300,1044.0,629.0,1298.0,631.0
1301,1043.0,628.0,1298.0,630.0
1302,1043.0,627.0,1298.0,629.0
1303,1042.0,626.0,1297.0,628.0
1304,1041.0,625.0,1297.0,627.0
1305,1041.0,625.0,1297.0,627.0
1306,1041.0,626.0,1297.0,628.0
1307,1041.0,628.0,1299.0,629.0
1308,1042.0,629.0,1298.0,629.0
1309,1042.0,628.0,1298.0,629.0
1310,1042.0,627.0,1298.0,628.0
1311,1043.0,626.0,1298.0,628.0
1312,1043.0,627.0,1298.0,628.0
1313,1043.0,628.0,1298.0,628.0
1314,1044.0,630.0,1299.0,630.0
1315,1045.0,631.0,1299.0,631.0
1316,1044.0,631.0,1299.0,630.0
1317,1044.0,630.0,1299.0,630.0
1318,1043.0,630.0,1298.0,629.0
1319,1043.0,629.0,1298.0,630.0
1320,1043.0,629.0,1298.0,630.0
1321,1043.0,628.0,1298.0,630.0
1322,1042.0,628.0,1297.0,629.0
1323,1042.0,627.0,1296.0,629.0
1324,1042.0,627.0,1296.0,628.0
1325,1041.0,627.0,1295.0,629.0
1326,1038.0,627.0,1293.0,628.0
1327,1039.0,628.0,1293.0,628.0
1328,1040.0,629.0,1294.0,627.0
1329,1040.0,627.0,1293.0,627.0
1330,1040.0,625.0,1293.0,627.0
1331,1039.0,624.0,1294.0,625.0
1332,1039.0,621.0,1294.0,624.0
1333,1038.0,622.0,1293.0,623.0
1334,1037.0,622.0,1292.0,624.0
1335,1037.0,624.0,1292.0,626.0
1336,1037.0,628.0,1292.0,628.0
1337,1038.0,631.0,1293.0,631.0
1338,1046.0,632.0,1300.0,634.0
1339,0.0,0.0,0.0,0.0
1340,0.0,0.0,0.0,0.0
1341,0.0,0.0,0.0,0.0
1342,0.0,0.0,0.0,0.0
1343,0.0,0.0,0.0,0.0
1344,0.0,0.0,0.0,0.0
1345,0.0,0.0,0.0,0.0
1346,0.0,0.0,0.0,0.0
1347,0.0,0.0,0.0,0.0
1348,0.0,0.0,0.0,0.0
1349,0.0,0.0,0.0,0.0
1350,1069.0,624.0,1322.0,632.0
1351,1071.0,625.0,1324.0,634.0
1352,1072.0,624.0,1326.0,633.0
1353,0.0,0.0,0.0,0.0
1354,0.0,0.0,0.0,0.0
1355,0.0,0.0,0.0,0.0
1356,0.0,0.0,0.0,0.0
1357,0.0,0.0,0.0,0.0
1358,0.0,0.0,0.0,0.0
1359,0.0,0.0,0.0,0.0
1360,0.0,0.0,0.0,0.0
1361,0.0,0.0,0.0,0.0
1362,0.0,0.0,0.0,0.0
1363,0.0,0.0,0.0,0.0
1364,0.0,0.0,0.0,0.0
1365,1064.0,597.0,1322.0,609.0
1366,0.0,0.0,0.0,0.0
1367,0.0,0.0,0.0,0.0
1368,0.0,0.0,0.0,0.0
1369,0.0,0.0,0.0,0.0
1370,0.0,0.0,0.0,0.0
1371,1063.0,591.0,1322.0,602.0
1372,1063.0,589.0,1322.0,602.0
1373,1062.0,589.0,1316.0,598.0
1374,1061.0,589.0,1316.0,598.0
1375,1060.0,591.0,1315.0,599.0
1376,1059.0,593.0,1314.0,599.0
1377,1059.0,595.0,1317.0,602.0
1378,1060.0,599.0,1317.0,605.0
1379,1061.0,601.0,1316.0,606.0
1380,1060.0,603.0,1313.0,607.0
1381,1060.0,602.0,1313.0,606.0
1382,1060.0,599.0,1314.0,605.0
1383,1059.0,598.0,1314.0,605.0
1384,1060.0,597.0,1315.0,605.0
1385,1059.0,596.0,1314.0,604.0
1386,1059.0,595.0,1315.0,603.0
1387,1059.0,594.0,1314.0,603.0
1388,1058.0,593.0,1314.0,602.0
1389,1057.0,593.0,1313.0,601.0
1390,1056.0,594.0,1313.0,601.0
1391,1057.0,595.0,1313.0,603.0
1392,1057.0,595.0,1313.0,603.0
1393,1058.0,596.0,1313.0,603.0
1394,1057.0,594.0,1314.0,602.0
1395,1058.0,588.0,1316.0,598.0
1396,1059.0,582.0,1316.0,590.0
1397,1060.0,575.0,1313.0,581.0
1398,1061.0,569.0,1314.0,577.0
1399,1060.0,567.0,1313.0,574.0
1400,1060.0,566.0,1312.0,573.0
1401,1059.0,567.0,1311.0,573.0
1402,1059.0,567.0,1314.0,576.0
1403,1058.0,569.0,1314.0,577.0
1404,1057.0,570.0,1312.0,577.0
1405,1055.0,570.0,1309.0,578.0
1406,1051.0,573.0,1307.0,580.0
1407,1049.0,575.0,1304.0,581.0
1408,1043.0,576.0,1299.0,582.0
1409,1040.0,579.0,1297.0,585.0
1410,1035.0,583.0,1293.0,587.0
1411,1033.0,585.0,1290.0,591.0
1412,1029.0,589.0,1288.0,595.0
1413,1028.0,592.0,1286.0,599.0
1414,1027.0,592.0,1284.0,600.0
1415,1027.0,596.0,1285.0,602.0
1416,1027.0,595.0,1285.0,602.0
1417,1028.0,597.0,1286.0,604.0
1418,1029.0,595.0,1286.0,604.0
1419,1030.0,597.0,1287.0,605.0
1420,1032.0,599.0,1290.0,606.0
1421,1034.0,599.0,1291.0,607.0
1422,1035.0,599.0,1292.0,607.0
1423,1036.0,598.0,1293.0,606.0
1424,1036.0,595.0,1295.0,604.0
1425,1037.0,590.0,1294.0,599.0
1426,1038.0,585.0,1295.0,595.0
1427,1038.0,580.0,1295.0,588.0
1428,1038.0,576.0,1295.0,586.0
1429,1037.0,575.0,1294.0,584.0
1430,1035.0,576.0,1292.0,583.0
1431,1033.0,577.0,1291.0,584.0
1432,1029.0,578.0,1287.0,585.0
1433,1024.0,582.0,1283.0,588.0
1434,1020.0,584.0,1279.0,589.0
1435,1016.0,587.0,1277.0,592.0
1436,1012.0,587.0,1273.0,592.0
1437,1007.0,587.0,1268.0,592.0
1438,1002.0,588.0,1264.0,591.0
1439,997.0,589.0,1260.0,592.0
1440,993.0,589.0,1256.0,594.0
1441,989.0,590.0,1253.0,594.0
1442,985.0,593.0,1249.0,594.0
1443,983.0,592.0,1248.0,594.0
1444,982.0,593.0,1247.0,594.0
1445,982.0,593.0,1247.0,595.0
1446,982.0,593.0,1247.0,595.0
1447,982.0,595.0,1246.0,595.0
1448,983.0,593.0,1247.0,596.0
1449,983.0,594.0,1247.0,597.0
1450,984.0,594.0,1247.0,596.0
1451,985.0,593.0,1248.0,596.0
1452,987.0,594.0,1249.0,596.0
1453,990.0,594.0,1253.0,598.0
1454,992.0,594.0,1253.0,597.0
1455,996.0,595.0,1256.0,598.0
1456,999.0,595.0,1258.0,599.0
1457,1000.0,595.0,1261.0,599.0
1458,1000.0,596.0,1261.0,600.0
1459,1003.0,598.0,1263.0,602.0
1460,1004.0,597.0,1264.0,602.0
1461,1005.0,597.0,1264.0,602.0
1462,1006.0,597.0,1265.0,602.0
1463,1007.0,598.0,1267.0,603.0
1464,1008.0,597.0,1268.0,603.0
1465,1009.0,596.0,1269.0,603.0
1466,1010.0,595.0,1269.0,601.0
1467,1011.0,595.0,1270.0,601.0
1468,1011.0,595.0,1270.0,601.0
1469,1012.0,593.0,1270.0,600.0
1470,1011.0,592.0,1271.0,599.0
1471,1012.0,593.0,1270.0,599.0
1472,1011.0,594.0,1270.0,600.0
1473,1010.0,596.0,1271.0,601.0
1474,1011.0,595.0,1271.0,602.0
1475,1011.0,596.0,1270.0,601.0
1476,1011.0,597.0,1271.0,603.0
1477,1013.0,597.0,1272.0,602.0
1478,1013.0,596.0,1272.0,602.0
1479,1012.0,596.0,1271.0,600.0
1480,1011.0,595.0,1271.0,600.0
1481,1011.0,595.0,1271.0,601.0
1482,1012.0,595.0,1270.0,600.0
1483,1013.0,596.0,1272.0,601.0
1484,1013.0,596.0,1272.0,602.0
1485,1013.0,598.0,1275.0,603.0
1486,1014.0,597.0,1274.0,602.0
1487,1016.0,597.0,1276.0,603.0
1488,1017.0,597.0,1276.0,602.0
1489,1018.0,598.0,1277.0,603.0
1490,1020.0,597.0,1280.0,603.0
1491,1023.0,593.0,1281.0,598.0
1492,1026.0,587.0,1283.0,593.0
1493,1028.0,579.0,1284.0,586.0
1494,1031.0,573.0,1286.0,580.0
1495,1034.0,570.0,1289.0,577.0
1496,1036.0,567.0,1291.0,574.0
1497,1040.0,567.0,1293.0,574.0
1498,1046.0,570.0,1303.0,579.0
1499,1063.0,576.0,1323.0,586.0
1500,1074.0,580.0,1330.0,592.0
1501,1079.0,585.0,1335.0,597.0
1502,1084.0,591.0,1343.0,599.0
1503,1091.0,594.0,1345.0,604.0
1504,1096.0,599.0,1352.0,608.0
1505,1099.0,602.0,1355.0,611.0
1506,1100.0,603.0,1355.0,612.0
1507,1101.0,602.0,1354.0,612.0
1508,1102.0,601.0,1355.0,612.0
1509,1103.0,600.0,1356.0,612.0
1510,1103.0,598.0,1356.0,612.0
1511,1106.0,595.0,1357.0,610.0
1512,1109.0,592.0,1358.0,607.0
1513,1111.0,584.0,1360.0,603.0
1514,1114.0,577.0,1359.0,595.0
1515,1116.0,571.0,1363.0,591.0
1516,1118.0,567.0,1365.0,587.0
1517,1119.0,563.0,1365.0,584.0
1518,1120.0,561.0,1364.0,580.0
1519,1119.0,562.0,1364.0,580.0
1520,1118.0,563.0,1363.0,580.0
1521,1117.0,564.0,1362.0,582.0
1522,1116.0,567.0,1361.0,583.0
1523,1117.0,571.0,1362.0,586.0
1524,1118.0,573.0,1363.0,588.0
1525,1119.0,573.0,1364.0,588.0
1526,1118.0,573.0,1364.0,589.0
1527,1119.0,571.0,1364.0,587.0
1528,1117.0,568.0,1363.0,585.0
1529,1117.0,563.0,1361.0,581.0
1530,1115.0,559.0,1360.0,579.0
1531,1115.0,555.0,1360.0,575.0
1532,1114.0,553.0,1360.0,573.0
1533,1114.0,551.0,1360.0,572.0
1534,1115.0,551.0,1360.0,571.0
1535,1114.0,553.0,1360.0,574.0
1536,1114.0,555.0,1361.0,576.0
1537,1115.0,558.0,1361.0,578.0
1538,1116.0,560.0,1361.0,578.0
1539,1116.0,562.0,1361.0,579.0
1540,1117.0,562.0,1361.0,580.0
1541,1117.0,562.0,1361.0,579.0
1542,1116.0,564.0,1361.0,579.0
1543,1115.0,566.0,1361.0,581.0
1544,1112.0,568.0,1358.0,582.0
1545,1112.0,570.0,1359.0,584.0
1546,1111.0,573.0,1359.0,586.0
1547,1111.0,573.0,1359.0,587.0
1548,1111.0,574.0,1358.0,587.0
1549,1110.0,573.0,1359.0,587.0
1550,1110.0,570.0,1358.0,586.0
1551,1109.0,568.0,1357.0,583.0
1552,1109.0,566.0,1357.0,582.0
1553,1107.0,565.0,1356.0,581.0
1554,1105.0,565.0,1353.0,579.0
1555,1103.0,566.0,1352.0,579.0
1556,1101.0,566.0,1351.0,580.0
1557,1099.0,567.0,1349.0,581.0
1558,1098.0,570.0,1348.0,583.0
1559,1097.0,571.0,1347.0,583.0
1560,1097.0,571.0,1347.0,584.0
1561,1095.0,570.0,1346.0,583.0
1562,1094.0,568.0,1344.0,581.0
1563,1093.0,568.0,1342.0,580.0
1564,1093.0,568.0,1342.0,580.0
1565,1092.0,568.0,1341.0,580.0
1566,1092.0,569.0,1341.0,580.0
1567,1090.0,569.0,1339.0,581.0
1568,1089.0,570.0,1339.0,581.0
1569,1088.0,570.0,1338.0,581.0
1570,1086.0,570.0,1336.0,580.0
1571,1084.0,570.0,1335.0,580.0
1572,1084.0,570.0,1334.0,581.0
1573,1083.0,570.0,1333.0,581.0
1574,1082.0,570.0,1333.0,581.0
1575,1080.0,570.0,1330.0,580.0
1576,1080.0,571.0,1330.0,580.0
1577,1079.0,570.0,1329.0,579.0
1578,1079.0,570.0,1329.0,580.0
1579,1078.0,570.0,1329.0,580.0
1580,1079.0,571.0,1329.0,581.0
1581,1079.0,571.0,1329.0,581.0
1582,1079.0,571.0,1329.0,581.0
1583,1079.0,571.0,1329.0,582.0
1584,1079.0,571.0,1329.0,582.0
1585,1078.0,573.0,1331.0,583.0
1586,1078.0,572.0,1330.0,584.0
1587,1076.0,574.0,1329.0,585.0
1588,1075.0,573.0,1328.0,585.0
1589,1074.0,573.0,1327.0,586.0
1590,1072.0,573.0,1328.0,586.0
1591,1071.0,573.0,1326.0,586.0
1592,1070.0,571.0,1326.0,585.0
1593,1069.0,571.0,1324.0,585.0
1594,1066.0,572.0,1321.0,584.0
1595,1064.0,572.0,1318.0,584.0
1596,1060.0,574.0,1315.0,585.0
1597,1057.0,577.0,1312.0,586.0
1598,1054.0,579.0,1309.0,587.0
1599,1050.0,583.0,1307.0,588.0
1600,1047.0,584.0,1304.0,589.0
1601,1043.0,586.0,1301.0,588.0
1602,1041.0,585.0,1298.0,586.0
1603,1037.0,582.0,1296.0,583.0
1604,1034.0,583.0,1293.0,581.0
1605,1031.0,580.0,1290.0,579.0
1606,1029.0,577.0,1288.0,576.0
1607,1027.0,575.0,1288.0,573.0
1608,1024.0,575.0,1285.0,572.0
1609,1024.0,573.0,1284.0,571.0
1610,1024.0,573.0,1284.0,572.0
1611,1024.0,574.0,1283.0,574.0
1612,1024.0,575.0,1285.0,574.0
1613,1024.0,574.0,1285.0,575.0
1614,1024.0,573.0,1284.0,575.0
1615,1025.0,572.0,1284.0,575.0
1616,1026.0,571.0,1286.0,575.0
1617,1028.0,568.0,1286.0,574.0
1618,1029.0,567.0,1287.0,574.0
1619,1030.0,566.0,1289.0,574.0
1620,1030.0,564.0,1290.0,574.0
1621,1031.0,562.0,1289.0,574.0
1622,1029.0,562.0,1288.0,575.0
1623,1028.0,563.0,1286.0,577.0
1624,1026.0,565.0,1285.0,579.0
1625,1024.0,567.0,1284.0,583.0
1626,1022.0,572.0,1281.0,587.0
1627,1021.0,574.0,1280.0,588.0
1628,1020.0,575.0,1280.0,589.0
1629,1019.0,575.0,1279.0,590.0
1630,1018.0,575.0,1277.0,589.0
1631,1016.0,575.0,1275.0,589.0
1632,1017.0,574.0,1275.0,589.0
1633,1015.0,576.0,1275.0,590.0
1634,1014.0,577.0,1274.0,590.0
1635,1013.0,577.0,1274.0,591.0
1636,1012.0,577.0,1273.0,590.0
1637,1011.0,580.0,1273.0,591.0
1638,1009.0,581.0,1269.0,590.0
1639,1006.0,584.0,1268.0,591.0
1640,1001.0,587.0,1264.0,589.0
1641,997.0,589.0,1259.0,587.0
1642,994.0,590.0,1256.0,586.0
1643,991.0,592.0,1253.0,586.0
1644,987.0,593.0,1251.0,587.0
1645,986.0,594.0,1247.0,586.0
1646,985.0,594.0,1246.0,586.0
1647,984.0,596.0,1246.0,588.0
1648,983.0,597.0,1246.0,590.0
1649,983.0,600.0,1245.0,591.0
1650,982.0,603.0,1245.0,595.0
1651,983.0,604.0,1245.0,596.0
1652,983.0,605.0,1246.0,598.0
1653,983.0,608.0,1246.0,599.0
1654,984.0,611.0,1247.0,601.0
1655,984.0,612.0,1247.0,602.0
1656,985.0,611.0,1247.0,601.0
1657,986.0,609.0,1248.0,599.0
1658,989.0,603.0,1250.0,595.0
1659,1002.0,597.0,1266.0,591.0
1660,1013.0,590.0,1275.0,588.0
1661,1018.0,582.0,1279.0,584.0
1662,1022.0,577.0,1284.0,582.0
1663,1027.0,574.0,1288.0,581.0
1664,1031.0,574.0,1293.0,583.0
1665,1037.0,576.0,1297.0,585.0
1666,1040.0,580.0,1302.0,590.0
1667,1046.0,584.0,1306.0,595.0
1668,1050.0,587.0,1309.0,598.0
1669,1052.0,588.0,1312.0,600.0
1670,1055.0,589.0,1314.0,601.0
1671,1058.0,588.0,1317.0,601.0
1672,1061.0,586.0,1320.0,600.0
1673,1064.0,583.0,1323.0,599.0
1674,1067.0,582.0,1327.0,598.0
1675,1071.0,580.0,1330.0,596.0
1676,1074.0,581.0,1333.0,597.0
1677,1078.0,582.0,1336.0,597.0
1678,1082.0,582.0,1338.0,597.0
1679,1085.0,582.0,1341.0,597.0
1680,1087.0,583.0,1342.0,598.0
1681,1089.0,585.0,1345.0,599.0
1682,1093.0,587.0,1346.0,601.0
1683,1093.0,589.0,1348.0,602.0
1684,1096.0,591.0,1348.0,604.0
1685,1096.0,593.0,1349.0,605.0
1686,1097.0,594.0,1349.0,608.0
1687,1098.0,596.0,1350.0,609.0
1688,1100.0,597.0,1351.0,611.0
1689,1101.0,600.0,1353.0,614.0
1690,1103.0,602.0,1353.0,616.0
1691,1103.0,604.0,1354.0,617.0
1692,1104.0,604.0,1355.0,619.0
1693,1105.0,606.0,1356.0,620.0
1694,1105.0,607.0,1356.0,621.0
1695,1106.0,607.0,1357.0,622.0
1696,1106.0,608.0,1357.0,622.0
1697,1106.0,605.0,1357.0,623.0
1698,1106.0,603.0,1357.0,621.0
1699,1105.0,600.0,1357.0,620.0
1700,1106.0,599.0,1357.0,618.0
1701,1105.0,597.0,1356.0,616.0
1702,1106.0,598.0,1357.0,616.0
1703,1106.0,595.0,1356.0,614.0
1704,1105.0,595.0,1355.0,613.0
1705,1105.0,593.0,1354.0,611.0
1706,1106.0,591.0,1354.0,608.0
1707,1106.0,589.0,1353.0,604.0
1708,1106.0,587.0,1355.0,602.0
1709,1106.0,584.0,1354.0,599.0
1710,1106.0,581.0,1353.0,597.0
1711,1104.0,579.0,1348.0,593.0
1712,1102.0,577.0,1347.0,591.0
1713,1100.0,575.0,1345.0,590.0
1714,1099.0,575.0,1345.0,589.0
1715,1098.0,576.0,1345.0,589.0
1716,1097.0,577.0,1343.0,590.0
1717,1095.0,579.0,1342.0,590.0
1718,1091.0,580.0,1338.0,590.0
1719,1084.0,581.0,1331.0,587.0
1720,1082.0,581.0,1330.0,586.0
1721,1078.0,581.0,1327.0,584.0
1722,1074.0,581.0,1323.0,581.0
1723,1070.0,580.0,1321.0,577.0
1724,1066.0,579.0,1319.0,574.0
1725,1062.0,576.0,1317.0,571.0
1726,1061.0,572.0,1316.0,568.0
1727,1061.0,568.0,1317.0,565.0
1728,1061.0,564.0,1319.0,563.0
1729,1063.0,561.0,1320.0,561.0
1730,1066.0,560.0,1322.0,560.0
1731,1069.0,560.0,1325.0,559.0
1732,1072.0,559.0,1328.0,560.0
1733,1074.0,559.0,1329.0,559.0
1734,1075.0,559.0,1331.0,560.0
1735,1076.0,561.0,1332.0,561.0
1736,1077.0,560.0,1332.0,561.0
1737,1079.0,562.0,1333.0,562.0
1738,1080.0,562.0,1335.0,563.0
1739,1081.0,562.0,1336.0,563.0
1740,1083.0,563.0,1337.0,565.0
1741,1084.0,563.0,1338.0,565.0
1742,1085.0,561.0,1339.0,565.0
1743,1084.0,561.0,1340.0,565.0
1744,1083.0,560.0,1339.0,565.0
1745,1081.0,562.0,1338.0,567.0
1746,1080.0,563.0,1337.0,568.0
1747,1078.0,565.0,1335.0,570.0
1748,1077.0,567.0,1334.0,571.0
1749,1076.0,570.0,1332.0,573.0
1750,1075.0,573.0,1331.0,574.0
1751,1074.0,573.0,1330.0,575.0
1752,1072.0,573.0,1328.0,576.0
1753,1070.0,574.0,1326.0,577.0
1754,1068.0,576.0,1325.0,579.0
1755,1067.0,580.0,1324.0,583.0
1756,1067.0,582.0,1325.0,586.0
1757,1067.0,584.0,1325.0,589.0
1758,1068.0,585.0,1326.0,589.0
1759,1069.0,583.0,1327.0,588.0
1760,1068.0,580.0,1325.0,585.0
1761,1069.0,576.0,1326.0,580.0
1762,1070.0,571.0,1327.0,575.0
1763,1072.0,568.0,1327.0,571.0
1764,1073.0,567.0,1329.0,569.0
1765,1075.0,567.0,1331.0,569.0
1766,1078.0,569.0,1334.0,570.0
1767,1081.0,573.0,1335.0,573.0
1768,1083.0,578.0,1338.0,577.0
1769,1086.0,582.0,1340.0,581.0
1770,1086.0,584.0,1342.0,585.0
1771,1086.0,586.0,1343.0,588.0
1772,1088.0,584.0,1344.0,588.0
1773,1089.0,584.0,1344.0,588.0
1774,1089.0,581.0,1344.0,586.0
1775,1089.0,580.0,1343.0,586.0
1776,1087.0,579.0,1343.0,585.0
1777,1085.0,577.0,1341.0,584.0
1778,1081.0,576.0,1338.0,583.0
1779,1078.0,574.0,1336.0,582.0
1780,1074.0,573.0,1332.0,580.0
1781,1067.0,572.0,1325.0,580.0
1782,1063.0,572.0,1320.0,579.0
1783,1060.0,572.0,1315.0,579.0
1784,1056.0,574.0,1313.0,578.0
1785,1052.0,578.0,1310.0,580.0
1786,1049.0,584.0,1308.0,581.0
1787,1046.0,587.0,1306.0,583.0
1788,1042.0,591.0,1302.0,586.0
1789,1040.0,595.0,1301.0,588.0
1790,1037.0,597.0,1299.0,591.0
1791,1036.0,598.0,1298.0,592.0
1792,1035.0,599.0,1297.0,592.0
1793,1035.0,599.0,1297.0,593.0
1794,1034.0,599.0,1298.0,593.0
1795,1033.0,598.0,1297.0,594.0
1796,1033.0,596.0,1297.0,593.0
1797,1033.0,594.0,1297.0,593.0
1798,1034.0,591.0,1298.0,592.0
1799,1034.0,589.0,1299.0,590.0
1800,1035.0,585.0,1300.0,587.0
1801,1035.0,581.0,1300.0,584.0
1802,1037.0,578.0,1301.0,583.0
1803,1038.0,575.0,1301.0,582.0
1804,1046.0,577.0,1311.0,585.0
1805,1052.0,582.0,1316.0,591.0
1806,1052.0,587.0,1316.0,598.0
1807,1053.0,591.0,1317.0,601.0
1808,1053.0,593.0,1317.0,605.0
1809,1052.0,594.0,1317.0,606.0
1810,1051.0,594.0,1317.0,606.0
1811,1050.0,594.0,1316.0,607.0
1812,1047.0,593.0,1314.0,607.0
1813,1044.0,592.0,1312.0,607.0
1814,1040.0,593.0,1308.0,608.0
1815,1036.0,593.0,1304.0,608.0
1816,1033.0,593.0,1301.0,609.0
1817,1030.0,595.0,1299.0,610.0
