Image File Name,Frame Number,Left Pupil X,Left Pupil Y,Right Pupil X,Right Pupil Y,Direction,K Value,Behaviour,Fixation Level,Saccade Level
frame_0.png,0,844,583,1067,577,Blinking,-4.720153254455275,exploratory,0.5,5.220153254455275
frame_1.png,1,839,578,1075,572,Center,-5.812095624016101,exploratory,0.7071067811865476,6.519202405202649
frame_2.png,2,826,575,1077,568,Center,-2.8869490711482184,exploratory,1.4142135623730951,4.301162633521313
frame_3.png,3,826,570,1082,566,Center,-3.6097722286464435,exploratory,1.0,4.6097722286464435
frame_4.png,4,823,567,1083,560,Center,-1.7327582682007432,exploratory,1.8027756377319946,3.5355339059327378
frame_5.png,5,823,563,1084,557,Center,-6.514134772486979,exploratory,1.118033988749895,7.632168761236874
frame_6.png,6,841,556,1074,551,Blinking,-9.700467279516348,exploratory,1.0,10.700467279516348
frame_7.png,7,835,550,1063,544,Blinking,-5.5,exploratory,1.0,6.5
frame_8.png,8,838,551,1073,543,Blinking,-5.96419413859206,exploratory,1.0,6.96419413859206
frame_9.png,9,834,546,1090,543,Blinking,-14.582284479357687,exploratory,1.118033988749895,15.700318468107582
frame_10.png,10,861,544,1094,540,Blinking,-7.4259697565676355,exploratory,1.118033988749895,8.54400374531753
frame_11.png,11,860,542,1079,536,Blinking,-8.013148795220223,exploratory,1.5,9.513148795220223
frame_12.png,12,862,542,1078,536,Blinking,-14.630754868991419,exploratory,0.7071067811865476,15.337861650177967
frame_13.png,13,888,543,1071,534,Blinking,-9.208582135040626,exploratory,1.8027756377319946,11.01135777277262
frame_14.png,14,855,536,1075,531,Blinking,-5.552798043313272,exploratory,1.118033988749895,6.670832032063167
frame_15.png,15,847,537,1061,529,Blinking,-2.417499917182843,exploratory,1.118033988749895,3.5355339059327378
frame_16.png,16,857,535,1064,528,Blinking,-3.146971830573838,exploratory,1.8027756377319946,4.949747468305833
frame_17.png,17,854,535,1066,527,Blinking,-4.522680508593631,exploratory,1.0,5.522680508593631
frame_18.png,18,852,532,1067,523,Blinking,-12.721462653327892,exploratory,1.5,14.221462653327892
frame_19.png,19,858,528,1068,520,Blinking,-1.9233472763992148,exploratory,1.118033988749895,3.0413812651491097
frame_20.png,20,857,523,1070,514,Blinking,-7.7099302330742345,exploratory,1.4142135623730951,9.12414379544733
frame_21.png,21,881,518,1074,514,Blinking,-3.7169905660283016,exploratory,1.0,4.716990566028302
frame_22.png,22,874,518,1075,513,Blinking,-4.883063162562927,exploratory,0.7071067811865476,5.5901699437494745
frame_23.png,23,888,515,1079,513,Blinking,-3.6390144243710854,exploratory,1.5811388300841898,5.220153254455275
frame_24.png,24,894,513,1081,510,Blinking,-1.0032863548097475,exploratory,1.118033988749895,2.1213203435596424
frame_25.png,25,887,514,1086,511,Blinking,-20.509583204290333,exploratory,1.5811388300841898,22.090722034374522
frame_26.png,26,898,515,1086,512,Blinking,-19.84769800990792,exploratory,0.7071067811865476,20.554804791094465
frame_27.png,27,904,517,1090,513,Blinking,-20.109029687657788,exploratory,1.4142135623730951,21.523243250030884
frame_28.png,28,905,518,1092,515,Blinking,-19.79004724395719,exploratory,1.8027756377319946,21.592822881689184
frame_29.png,29,905,518,1136,519,Blinking,-0.9683709267122025,exploratory,1.5811388300841898,2.5495097567963922
frame_30.png,30,909,518,1091,516,Blinking,-1.0,exploratory,1.5,2.5
frame_31.png,31,901,518,1142,518,Blinking,-1.1213203435596424,exploratory,1.0,2.1213203435596424
frame_32.png,32,909,517,1091,515,Blinking,-1.7928932188134525,exploratory,0.7071067811865476,2.5
frame_33.png,33,910,517,1092,515,Blinking,-8.845379806084852,exploratory,0.7071067811865476,9.5524865872714
frame_34.png,34,908,517,1089,516,Blinking,-0.8218544151266947,exploratory,1.4142135623730951,2.23606797749979
frame_35.png,35,905,516,1088,514,Blinking,-4.91886116991581,exploratory,1.5811388300841898,6.5
frame_36.png,36,903,518,1088,515,Blinking,-3.7169905660283016,exploratory,1.0,4.716990566028302
frame_37.png,37,901,518,1088,516,Blinking,-1.9154759474226504,exploratory,1.0,2.9154759474226504
frame_38.png,38,901,519,1086,515,Blinking,-6.245099091165074,exploratory,1.5811388300841898,7.826237921249264
frame_39.png,39,900,519,1085,515,Blinking,-5.315072906367325,exploratory,0.0,5.315072906367325
frame_40.png,40,898,520,1084,517,Blinking,-4.19703891761743,exploratory,1.118033988749895,5.315072906367325
frame_41.png,41,897,521,1083,516,Blinking,-1.5495097567963922,exploratory,1.0,2.5495097567963922
frame_42.png,42,895,521,1083,517,Blinking,-2.91886116991581,exploratory,1.5811388300841898,4.5
frame_43.png,43,894,522,1080,519,Blinking,-0.9435188240589354,exploratory,1.118033988749895,2.0615528128088303
frame_44.png,44,891,521,1081,519,Blinking,-2.690863042574575,exploratory,1.5811388300841898,4.272001872658765
frame_45.png,45,891,521,1081,516,Blinking,-2.7015621187164243,exploratory,0.5,3.2015621187164243
frame_46.png,46,890,521,1081,517,Blinking,-2.0244124453797996,exploratory,1.5811388300841898,3.605551275463989
frame_47.png,47,873,523,1079,517,Blinking,-2.2267477228477643,exploratory,1.5811388300841898,3.8078865529319543
frame_48.png,48,872,521,1078,516,Blinking,-2.490911275580232,exploratory,1.4142135623730951,3.905124837953327
frame_49.png,49,869,520,1077,515,Blinking,-2.0244124453797996,exploratory,1.5811388300841898,3.605551275463989
frame_50.png,50,869,522,1075,514,Blinking,-1.7928932188134525,exploratory,0.7071067811865476,2.5
frame_51.png,51,867,524,1076,514,Blinking,-2.522020955890364,exploratory,1.118033988749895,3.640054944640259
frame_52.png,52,857,525,1074,518,Blinking,-0.48041398272464053,exploratory,1.5811388300841898,2.0615528128088303
frame_53.png,53,857,525,1072,515,Blinking,-1.2472882946620005,exploratory,1.5811388300841898,2.8284271247461903
frame_54.png,54,865,527,1072,518,Blinking,-0.6972243622680054,exploratory,1.8027756377319946,2.5
frame_55.png,55,861,529,1071,519,Blinking,-1.1213203435596424,exploratory,1.0,2.1213203435596424
frame_56.png,56,851,533,1067,522,Blinking,-3.1831286447714184,exploratory,1.118033988749895,4.301162633521313
frame_57.png,57,858,530,1068,518,Blinking,-3.324022092962727,exploratory,0.7071067811865476,4.031128874149275
frame_58.png,58,853,533,1065,522,Blinking,-1.1213203435596424,exploratory,1.0,2.1213203435596424
frame_59.png,59,857,533,1063,522,Blinking,-3.2426406871192848,exploratory,1.0,4.242640687119285
frame_60.png,60,855,532,1064,518,Blinking,-7.4259697565676355,exploratory,1.118033988749895,8.54400374531753
frame_61.png,61,851,535,1068,524,Blinking,-1.135296194423297,exploratory,1.4142135623730951,2.5495097567963922
frame_62.png,62,848,535,1075,523,Blinking,-2.4875172867140942,exploratory,1.118033988749895,3.605551275463989
frame_63.png,63,856,536,1067,525,Blinking,-1.0857864376269049,exploratory,1.4142135623730951,2.5
frame_64.png,64,849,536,1075,523,Blinking,-1.7974419586727555,exploratory,1.118033988749895,2.9154759474226504
frame_65.png,65,855,534,1077,522,Blinking,-3.3078865529319543,exploratory,0.5,3.8078865529319543
frame_66.png,66,857,536,1070,524,Blinking,-7.326237921249264,exploratory,0.5,7.826237921249264
frame_67.png,67,850,537,1071,527,Blinking,-6.929348960554495,exploratory,1.8027756377319946,8.73212459828649
frame_68.png,68,854,534,1070,523,Blinking,-3.5666762404093104,exploratory,1.5811388300841898,5.1478150704935
frame_69.png,69,850,537,1068,525,Blinking,-1.118033988749895,exploratory,1.118033988749895,2.23606797749979
frame_70.png,70,854,535,1070,523,Blinking,-5.446221994724902,exploratory,1.5,6.946221994724902
frame_71.png,71,849,533,1075,520,Blinking,-1.5289611963132423,exploratory,0.7071067811865476,2.23606797749979
frame_72.png,72,849,536,1073,524,Blinking,-1.6204232886322345,exploratory,1.5811388300841898,3.2015621187164243
frame_73.png,73,852,536,1066,525,Blinking,-1.4314757680464973,exploratory,1.118033988749895,2.5495097567963922
frame_74.png,74,851,537,1065,526,Blinking,-1.0857864376269049,exploratory,1.4142135623730951,2.5
frame_75.png,75,853,536,1067,523,Blinking,-1.7480640977952844,exploratory,1.4142135623730951,3.1622776601683795
frame_76.png,76,853,533,1071,523,Blinking,-5.268292174133481,exploratory,1.8027756377319946,7.0710678118654755
frame_77.png,77,857,535,1069,521,Blinking,-2.22835323641728,exploratory,1.8027756377319946,4.031128874149275
frame_78.png,78,854,535,1071,522,Blinking,-2.0442436714184846,exploratory,1.118033988749895,3.1622776601683795
frame_79.png,79,857,533,1071,521,Blinking,-2.208369166236103,exploratory,0.7071067811865476,2.9154759474226504
frame_80.png,80,851,535,1076,522,Blinking,-4.720153254455275,exploratory,0.5,5.220153254455275
frame_81.png,81,860,533,1074,519,Blinking,-2.0835281299665294,exploratory,1.118033988749895,3.2015621187164243
frame_82.png,82,855,535,1075,524,Blinking,-4.716426767470654,exploratory,1.8027756377319946,6.519202405202649
frame_83.png,83,860,533,1067,523,Blinking,-7.569365897436876,exploratory,0.7071067811865476,8.276472678623424
frame_84.png,84,852,538,1069,524,Blinking,-1.2360679774997898,exploratory,1.0,2.23606797749979
frame_85.png,85,859,534,1078,522,Blinking,-8.23212459828649,exploratory,0.5,8.73212459828649
frame_86.png,86,863,536,1073,525,Blinking,-5.123845113658753,exploratory,0.7071067811865476,5.830951894845301
frame_87.png,87,860,539,1070,526,Blinking,-2.692582403567252,exploratory,0.0,2.692582403567252
frame_88.png,88,860,540,1073,529,Blinking,-5.019202405202649,exploratory,1.5,6.519202405202649
frame_89.png,89,862,541,1073,529,Blinking,-2.334274483962562,exploratory,0.7071067811865476,3.0413812651491097
frame_90.png,90,857,542,1075,529,Blinking,-2.605551275463989,exploratory,1.0,3.605551275463989
frame_91.png,91,863,543,1072,533,Blinking,-3.765029173813032,exploratory,0.7071067811865476,4.47213595499958
frame_92.png,92,862,547,1076,536,Blinking,-4.524937810560445,exploratory,0.5,5.024937810560445
frame_93.png,93,861,550,1063,540,Blinking,-1.5,exploratory,1.5,3.0
frame_94.png,94,862,548,1079,538,Blinking,-0.8819660112501051,exploratory,1.118033988749895,2.0
frame_95.png,95,863,551,1069,540,Blinking,-1.238605627417115,exploratory,1.8027756377319946,3.0413812651491097
frame_96.png,96,860,551,1068,542,Blinking,-0.25877717507683573,exploratory,1.8027756377319946,2.0615528128088303
frame_97.png,97,865,548,1075,538,Blinking,-14.006832188375613,exploratory,0.7071067811865476,14.713938969562161
frame_98.png,98,869,549,1072,538,Blinking,-18.298453850197703,exploratory,1.118033988749895,19.4164878389476
frame_99.png,99,869,547,1074,536,Blinking,-6.066372975210778,exploratory,1.5,7.566372975210778
frame_100.png,100,871,549,1077,538,Blinking,-0.6473392504357351,exploratory,1.4142135623730951,2.0615528128088303
frame_101.png,101,868,548,1075,538,Blinking,-1.0,exploratory,1.5,2.5
frame_102.png,102,872,548,1075,535,Blinking,-10.470650761631617,exploratory,1.4142135623730951,11.884864324004713
frame_103.png,103,865,547,1076,534,Blinking,-24.10975905897944,exploratory,1.0,25.10975905897944
frame_104.png,104,874,547,1081,532,Blinking,-5.477334251548523,exploratory,1.8027756377319946,7.280109889280518
frame_105.png,105,871,547,1077,536,Blinking,-4.271211125275623,exploratory,1.5811388300841898,5.852349955359813
frame_106.png,106,873,545,1077,532,Blinking,-6.725196735676758,exploratory,1.4142135623730951,8.139410298049853
frame_107.png,107,874,544,1071,530,Blinking,-3.5311288741492746,exploratory,0.5,4.031128874149275
frame_108.png,108,874,544,1081,533,Blinking,-2.085786437626905,exploratory,1.4142135623730951,3.5
frame_109.png,109,867,543,1083,530,Blinking,-7.2526095004054225,exploratory,1.8027756377319946,9.055385138137417
frame_110.png,110,865,544,1072,530,Blinking,-2.4692262349267704,exploratory,1.8027756377319946,4.272001872658765
frame_111.png,111,865,542,1074,530,Blinking,-6.566372975210778,exploratory,1.0,7.566372975210778
frame_112.png,112,872,539,1082,526,Blinking,-0.6473392504357351,exploratory,1.4142135623730951,2.0615528128088303
frame_113.png,113,870,537,1082,524,Blinking,-8.709122383082326,exploratory,1.8027756377319946,10.51189802081432
frame_114.png,114,858,540,1078,528,Blinking,-5.3136905082096,exploratory,0.7071067811865476,6.020797289396148
frame_115.png,115,867,537,1079,525,Blinking,-3.4917382398965486,exploratory,1.118033988749895,4.6097722286464435
frame_116.png,116,866,536,1082,523,Blinking,-1.3544460316222828,exploratory,0.7071067811865476,2.0615528128088303
frame_117.png,117,861,537,1082,524,Blinking,-0.6972243622680054,exploratory,1.8027756377319946,2.5
frame_118.png,118,860,538,1080,524,Blinking,-1.7928932188134525,exploratory,0.7071067811865476,2.5
frame_119.png,119,858,538,1069,525,Blinking,-8.0,exploratory,0.5,8.5
frame_120.png,120,855,541,1073,528,Blinking,-3.415998844431113,exploratory,0.7071067811865476,4.123105625617661
frame_121.png,121,861,539,1073,526,Blinking,-0.19722436226800544,exploratory,1.8027756377319946,2.0
frame_122.png,122,859,539,1072,526,Blinking,-6.158910531638177,exploratory,1.0,7.158910531638177
frame_123.png,123,852,541,1071,528,Blinking,-15.507810593582121,exploratory,0.5,16.00781059358212
frame_124.png,124,858,540,1075,528,Blinking,-9.01189802081432,exploratory,1.5,10.51189802081432
frame_125.png,125,858,540,1069,528,Blinking,-2.417499917182843,exploratory,1.118033988749895,3.5355339059327378
frame_126.png,126,856,542,1071,530,Blinking,-3.594055852334766,exploratory,0.7071067811865476,4.301162633521313
frame_127.png,127,858,542,1075,531,Blinking,-4.404646519843736,exploratory,1.118033988749895,5.522680508593631
frame_128.png,128,858,543,1071,531,Blinking,-5.656854249492381,exploratory,1.4142135623730951,7.0710678118654755
frame_129.png,129,856,543,1071,531,Blinking,-6.516648189186454,exploratory,1.0,7.516648189186454
frame_130.png,130,825,548,1073,531,Blinking,-1.7873485563433291,exploratory,1.4142135623730951,3.2015621187164243
frame_131.png,131,856,542,1080,529,Blinking,-3.6097722286464435,exploratory,1.0,4.6097722286464435
frame_132.png,132,853,543,1068,530,Blinking,-7.746211251235321,exploratory,0.5,8.246211251235321
frame_133.png,133,851,542,1074,530,Blinking,-7.937351149387522,exploratory,1.118033988749895,9.055385138137417
frame_134.png,134,851,543,1073,530,Blinking,-2.381966011250105,exploratory,1.118033988749895,3.5
frame_135.png,135,854,543,1071,531,Blinking,-4.743416490252569,exploratory,1.5811388300841898,6.324555320336759
frame_136.png,136,844,544,1076,530,Blinking,-2.455170878981832,exploratory,0.7071067811865476,3.1622776601683795
frame_137.png,137,822,553,1076,530,Blinking,-0.6213203435596424,exploratory,1.5,2.1213203435596424
frame_138.png,138,873,541,1074,531,Blinking,-2.0,exploratory,0.5,2.5
frame_139.png,139,869,540,1080,530,Blinking,-3.121653263166057,exploratory,1.8027756377319946,4.924428900898052
frame_140.png,140,853,543,1082,531,Blinking,-2.9130948853993797,exploratory,1.118033988749895,4.031128874149275
frame_141.png,141,868,540,1078,530,Blinking,-1.118033988749895,exploratory,1.118033988749895,2.23606797749979
frame_142.png,142,853,543,1077,530,Blinking,-2.5,exploratory,0.5,3.0
frame_143.png,143,857,542,1081,530,Blinking,-4.815072906367325,exploratory,0.5,5.315072906367325
frame_144.png,144,868,541,1077,531,Blinking,-22.759406699226016,exploratory,0.5,23.259406699226016
frame_145.png,145,853,544,1074,530,Blinking,-8.394147114027968,exploratory,1.0,9.394147114027968
frame_146.png,146,837,546,1082,531,Blinking,-8.5,exploratory,1.5,10.0
frame_147.png,147,852,544,1082,531,Blinking,-8.025017817099942,exploratory,0.7071067811865476,8.73212459828649
frame_148.png,148,858,542,1075,530,Blinking,-10.313708498984761,exploratory,1.0,11.313708498984761
frame_149.png,149,861,539,1071,529,Blinking,-9.904326023342406,exploratory,0.5,10.404326023342406
frame_150.png,150,877,540,1076,529,Blinking,-8.499658042085777,exploratory,1.118033988749895,9.617692030835672
frame_151.png,151,862,540,1079,528,Blinking,-1.8424029756098448,exploratory,0.7071067811865476,2.5495097567963922
frame_152.png,152,863,536,1085,526,Blinking,-24.01671264225622,exploratory,1.5811388300841898,25.59785147234041
frame_153.png,153,867,535,1081,525,Blinking,-18.23047392607476,exploratory,1.5811388300841898,19.81161275615895
frame_154.png,154,868,535,1084,524,Blinking,-7.826237921249264,exploratory,1.118033988749895,8.94427190999916
frame_155.png,155,862,535,1085,524,Blinking,-11.225109644781508,exploratory,1.5811388300841898,12.806248474865697
frame_156.png,156,865,535,1084,524,Blinking,-4.6478150704935,exploratory,0.5,5.1478150704935
frame_157.png,157,869,534,1084,522,Blinking,-4.439658459311958,exploratory,1.5811388300841898,6.020797289396148
frame_158.png,158,874,533,1096,523,Blinking,-9.53300841102264,exploratory,1.8027756377319946,11.335784048754634
frame_159.png,159,891,529,1087,525,Blinking,-3.0,exploratory,0.0,3.0
frame_160.png,160,892,530,1090,524,Blinking,-3.0,exploratory,0.0,3.0
frame_161.png,161,888,531,1108,526,Blinking,-4.123105625617661,exploratory,0.0,4.123105625617661
frame_162.png,162,906,530,1122,526,Blinking,-1.7360679774997898,exploratory,0.5,2.23606797749979
frame_163.png,163,907,529,1118,528,Blinking,-2.8541019662496847,exploratory,0.5,3.3541019662496847
frame_164.png,164,917,526,1129,530,Blinking,-4.2799868925662246,exploratory,1.8027756377319946,6.082762530298219
frame_165.png,165,919,528,1132,533,Blinking,-6.5,exploratory,0.0,6.5
frame_166.png,166,919,525,1139,531,Blinking,-10.111874208078342,exploratory,0.0,10.111874208078342
frame_167.png,167,928,524,1141,533,Blinking,-1.111443573483062,exploratory,1.5811388300841898,2.692582403567252
frame_168.png,168,928,524,1141,533,Center,-2.522020955890364,exploratory,1.118033988749895,3.640054944640259
frame_169.png,169,936,524,1147,535,Center,-1.6271677027760145,exploratory,1.4142135623730951,3.0413812651491097
frame_170.png,170,941,525,1157,535,Blinking,-1.2360679774997898,exploratory,1.0,2.23606797749979
frame_171.png,171,950,526,1153,538,Blinking,-1.5,exploratory,1.0,2.5
frame_172.png,172,950,525,1162,541,Blinking,-2.7015621187164243,exploratory,0.5,3.2015621187164243
frame_173.png,173,960,526,1168,544,Blinking,-6.170832032063167,exploratory,0.5,6.670832032063167
frame_174.png,174,971,524,1175,544,Blinking,-4.5,exploratory,1.5,6.0
frame_175.png,175,971,522,1182,546,Blinking,-1.4314757680464973,exploratory,1.118033988749895,2.5495097567963922
frame_176.png,176,976,522,1189,550,Blinking,-1.238605627417115,exploratory,1.8027756377319946,3.0413812651491097
frame_177.png,177,980,522,1191,552,Blinking,-4.720153254455275,exploratory,0.5,5.220153254455275
frame_178.png,178,982,522,1192,555,Blinking,-4.0901699437494745,exploratory,1.5,5.5901699437494745
frame_179.png,179,983,522,1193,556,Blinking,-17.445158760356257,exploratory,1.5811388300841898,19.026297590440446
frame_180.png,180,982,522,1192,556,Blinking,-21.2705950734714,exploratory,1.5,22.7705950734714
frame_181.png,181,975,518,1195,557,Blinking,-1.4314757680464973,exploratory,1.118033988749895,2.5495097567963922
frame_182.png,182,985,521,1194,558,Center,-17.16046160401909,exploratory,0.7071067811865476,17.867568385205637
frame_183.png,183,986,522,1194,560,Center,-17.973665961010276,exploratory,1.0,18.973665961010276
frame_184.png,184,982,521,1190,562,Left,-10.13014581273465,exploratory,0.5,10.63014581273465
frame_185.png,185,983,523,1191,564,Center,-8.192388155425117,exploratory,1.0,9.192388155425117
frame_186.png,186,976,522,1192,565,Blinking,-12.619429464123963,exploratory,1.8027756377319946,14.422205101855956
frame_187.png,187,967,515,1193,565,Center,-14.111215996391026,exploratory,1.5811388300841898,15.692354826475215
frame_188.png,188,925,534,1193,566,Center,-12.0,exploratory,0.5,12.5
frame_189.png,189,932,516,1194,567,Center,-5.38305530850787,exploratory,1.5811388300841898,6.96419413859206
frame_190.png,190,923,533,1191,566,Center,-11.798373876248844,exploratory,0.5,12.298373876248844
frame_191.png,191,920,533,1192,567,Center,-2.787090849203432,exploratory,1.118033988749895,3.905124837953327
frame_192.png,192,928,516,1191,568,Center,-1.5615528128088303,exploratory,0.5,2.0615528128088303
frame_193.png,193,918,533,1185,567,Center,-1.381966011250105,exploratory,1.118033988749895,2.5
frame_194.png,194,926,516,1189,567,Center,-2.0,exploratory,0.5,2.5
frame_195.png,195,917,534,1189,566,Center,-3.5276925690687087,exploratory,1.0,4.527692569068709
frame_196.png,196,918,533,1183,566,Center,-26.77138815399763,exploratory,1.0,27.77138815399763
frame_197.png,197,965,524,1186,564,Left,-2.881966011250105,exploratory,1.118033988749895,4.0
frame_198.png,198,924,516,1188,565,Center,-7.432303516863305,exploratory,0.7071067811865476,8.139410298049853
frame_199.png,199,918,533,1186,564,Center,-4.0090311136652845,exploratory,1.5811388300841898,5.5901699437494745
frame_200.png,200,939,517,1185,564,Center,-14.817994500862667,exploratory,1.8027756377319946,16.62077013859466
frame_201.png,201,929,514,1186,562,Center,-1.5857864376269049,exploratory,1.4142135623730951,3.0
frame_202.png,202,940,515,1187,560,Center,-5.5710678118654755,exploratory,1.5,7.0710678118654755
frame_203.png,203,925,531,1185,559,Center,-0.9435188240589354,exploratory,1.118033988749895,2.0615528128088303
frame_204.png,204,927,529,1184,558,Blinking,-2.0,exploratory,0.5,2.5
frame_205.png,205,924,525,1187,556,Center,-0.8218544151266947,exploratory,1.4142135623730951,2.23606797749979
frame_206.png,206,927,524,1184,556,Center,-5.38305530850787,exploratory,1.5811388300841898,6.96419413859206
frame_207.png,207,929,530,1182,556,Center,-2.208369166236103,exploratory,0.7071067811865476,2.9154759474226504
frame_208.png,208,931,524,1182,554,Blinking,-2.2928932188134525,exploratory,0.7071067811865476,3.0
frame_209.png,209,932,529,1183,553,Blinking,-0.48041398272464053,exploratory,1.5811388300841898,2.0615528128088303
frame_210.png,210,934,524,1184,552,Center,-1.6204232886322345,exploratory,1.5811388300841898,3.2015621187164243
frame_211.png,211,946,525,1184,553,Blinking,-3.902665447459896,exploratory,0.7071067811865476,4.6097722286464435
frame_212.png,212,957,524,1185,549,Blinking,-2.0,exploratory,0.5,2.5
frame_213.png,213,947,523,1175,547,Blinking,-2.787090849203432,exploratory,1.118033988749895,3.905124837953327
frame_214.png,214,948,524,1171,547,Blinking,-0.9188611699158102,exploratory,1.5811388300841898,2.5
frame_215.png,215,947,524,1169,548,Blinking,-4.216990566028302,exploratory,0.5,4.716990566028302
frame_216.png,216,953,524,1168,546,Blinking,-3.1980180567667795,exploratory,0.7071067811865476,3.905124837953327
frame_217.png,217,948,523,1171,545,Blinking,-2.197224362268005,exploratory,1.8027756377319946,4.0
frame_218.png,218,945,524,1167,546,Blinking,-1.0032863548097475,exploratory,1.118033988749895,2.1213203435596424
frame_219.png,219,944,524,1167,543,Blinking,-1.6622776601683795,exploratory,1.5,3.1622776601683795
frame_220.png,220,940,524,1165,544,Blinking,-1.881966011250105,exploratory,1.118033988749895,3.0
frame_221.png,221,942,523,1162,544,Blinking,-0.19722436226800544,exploratory,1.8027756377319946,2.0
frame_222.png,222,935,525,1165,544,Blinking,-1.5857864376269049,exploratory,1.4142135623730951,3.0
frame_223.png,223,933,525,1165,543,Blinking,-1.4314757680464973,exploratory,1.118033988749895,2.5495097567963922
frame_224.png,224,935,526,1164,545,Blinking,-1.0857864376269049,exploratory,1.4142135623730951,2.5
frame_225.png,225,931,527,1163,544,Blinking,-1.5012623850495552,exploratory,1.4142135623730951,2.9154759474226504
frame_226.png,226,932,528,1167,547,Blinking,-2.0835281299665294,exploratory,1.118033988749895,3.2015621187164243
frame_227.png,227,940,528,1162,546,Blinking,-1.5615528128088303,exploratory,0.5,2.0615528128088303
frame_228.png,228,941,528,1174,549,Blinking,-2.6622776601683795,exploratory,0.5,3.1622776601683795
frame_229.png,229,939,527,1173,548,Blinking,-0.5857864376269049,exploratory,1.4142135623730951,2.0
frame_230.png,230,929,527,1171,548,Blinking,-3.1831286447714184,exploratory,1.118033988749895,4.301162633521313
frame_231.png,231,925,527,1170,549,Blinking,-2.1213203435596424,exploratory,0.0,2.1213203435596424
frame_232.png,232,920,526,1169,549,Blinking,-1.0615528128088303,exploratory,1.0,2.0615528128088303
frame_233.png,233,929,528,1170,550,Left,-3.905124837953327,exploratory,0.0,3.905124837953327
frame_234.png,234,922,531,1167,552,Blinking,-2.0355339059327378,exploratory,1.5,3.5355339059327378
frame_235.png,235,919,530,1168,553,Center,-5.381966011250105,exploratory,1.118033988749895,6.5
frame_236.png,236,955,531,1170,554,Left,-4.220153254455275,exploratory,1.0,5.220153254455275
frame_237.png,237,913,537,1167,555,Blinking,-0.6549291474156,exploratory,1.5811388300841898,2.23606797749979
frame_238.png,238,910,538,1165,555,Center,-2.0615528128088303,exploratory,0.0,2.0615528128088303
frame_239.png,239,942,528,1167,554,Left,-7.91886116991581,exploratory,1.5811388300841898,9.5
frame_240.png,240,910,538,1163,556,Center,-4.036309709066021,exploratory,0.7071067811865476,4.743416490252569
frame_241.png,241,894,525,1165,553,Center,-2.9329481634537116,exploratory,0.7071067811865476,3.640054944640259
frame_242.png,242,893,539,1159,556,Center,-1.574548414817357,exploratory,1.118033988749895,2.692582403567252
frame_243.png,243,916,527,1160,552,Left,-2.9329481634537116,exploratory,0.7071067811865476,3.640054944640259
frame_244.png,244,891,539,1158,556,Center,-4.0990195135927845,exploratory,1.0,5.0990195135927845
frame_245.png,245,910,527,1159,553,Left,-3.4096585803188137,exploratory,1.118033988749895,4.527692569068709
frame_246.png,246,899,521,1157,554,Center,-2.0615528128088303,exploratory,0.0,2.0615528128088303
frame_247.png,247,880,531,1154,555,Center,-0.9683709267122025,exploratory,1.5811388300841898,2.5495097567963922
frame_248.png,248,886,524,1153,556,Center,-1.135296194423297,exploratory,1.4142135623730951,2.5495097567963922
frame_249.png,249,884,524,1153,555,Center,-1.381966011250105,exploratory,1.118033988749895,2.5
frame_250.png,250,890,525,1151,553,Center,-2.0495097567963922,exploratory,0.5,2.5495097567963922
frame_251.png,251,897,524,1149,554,Left,-2.192582403567252,exploratory,0.5,2.692582403567252
frame_252.png,252,896,523,1147,551,Left,-2.690863042574575,exploratory,1.5811388300841898,4.272001872658765
frame_253.png,253,892,524,1142,549,Center,-1.9854756223807044,exploratory,0.7071067811865476,2.692582403567252
frame_254.png,254,845,548,1138,547,Center,-4.0090311136652845,exploratory,1.5811388300841898,5.5901699437494745
frame_255.png,255,846,544,1137,543,Center,-4.501623700214029,exploratory,1.5811388300841898,6.082762530298219
frame_256.png,256,839,550,1128,540,Center,-4.028176257113306,exploratory,1.8027756377319946,5.830951894845301
frame_257.png,257,836,555,1120,537,Center,-2.7426406871192848,exploratory,1.5,4.242640687119285
frame_258.png,258,874,536,1105,532,Blinking,-4.220153254455275,exploratory,1.0,5.220153254455275
frame_259.png,259,879,538,1101,531,Blinking,-3.0311288741492746,exploratory,1.0,4.031128874149275
frame_260.png,260,883,540,1097,531,Blinking,-2.9130948853993797,exploratory,1.118033988749895,4.031128874149275
frame_261.png,261,880,542,1094,529,Blinking,-2.417499917182843,exploratory,1.118033988749895,3.5355339059327378
frame_262.png,262,874,542,1086,527,Blinking,-2.5419667955334706,exploratory,1.5811388300841898,4.123105625617661
frame_263.png,263,870,542,1086,526,Blinking,-1.3987864809844297,exploratory,1.8027756377319946,3.2015621187164243
frame_264.png,264,871,544,1082,528,Blinking,-5.401168416452754,exploratory,1.118033988749895,6.519202405202649
frame_265.png,265,873,544,1078,528,Blinking,-3.605551275463989,exploratory,0.0,3.605551275463989
frame_266.png,266,874,543,1079,528,Blinking,-2.690863042574575,exploratory,1.5811388300841898,4.272001872658765
frame_267.png,267,875,543,1082,526,Blinking,-3.146971830573838,exploratory,1.8027756377319946,4.949747468305833
frame_268.png,268,881,541,1089,523,Blinking,-3.0355339059327378,exploratory,0.5,3.5355339059327378
frame_269.png,269,883,539,1089,523,Blinking,-1.111443573483062,exploratory,1.5811388300841898,2.692582403567252
frame_270.png,270,883,541,1091,522,Blinking,-2.724916931336714,exploratory,1.8027756377319946,4.527692569068709
frame_271.png,271,884,538,1093,520,Blinking,-1.6622776601683795,exploratory,1.5,3.1622776601683795
frame_272.png,272,885,540,1094,520,Blinking,-5.2939903701262745,exploratory,1.4142135623730951,6.708203932499369
frame_273.png,273,885,544,1094,522,Blinking,-4.582843136745795,exploratory,1.118033988749895,5.70087712549569
frame_274.png,274,886,542,1094,520,Blinking,-3.5311288741492746,exploratory,0.5,4.031128874149275
frame_275.png,275,887,542,1094,518,Blinking,,,,
frame_276.png,276,888,540,1093,521,Blinking,,,,
frame_277.png,277,892,539,1094,518,Blinking,,,,
frame_278.png,278,886,542,1093,521,Blinking,,,,
frame_279.png,279,884,542,1094,521,Blinking,,,,
frame_280.png,280,888,540,1094,520,Blinking,,,,
frame_281.png,281,884,542,1092,523,Blinking,,,,
frame_282.png,282,886,540,1093,521,Blinking,,,,
frame_283.png,283,881,543,1090,523,Blinking,,,,
frame_284.png,284,884,541,1089,522,Blinking,,,,
frame_285.png,285,881,544,1087,525,Blinking,,,,
frame_286.png,286,879,540,1089,521,Blinking,,,,
frame_287.png,287,880,542,1089,522,Blinking,,,,
frame_288.png,288,880,540,1090,522,Blinking,,,,
frame_289.png,289,879,542,1088,523,Blinking,,,,
frame_290.png,290,880,544,1087,524,Blinking,,,,
frame_291.png,291,880,540,1089,522,Blinking,,,,
frame_292.png,292,882,541,1093,521,Blinking,,,,
frame_293.png,293,884,540,1092,523,Blinking,,,,
frame_294.png,294,883,543,1092,523,Blinking,,,,
frame_295.png,295,884,542,1093,523,Blinking,,,,
frame_296.png,296,883,543,1092,524,Blinking,,,,
frame_297.png,297,883,541,1090,524,Blinking,,,,
frame_298.png,298,884,543,1089,526,Blinking,,,,
frame_299.png,299,883,541,1090,522,Blinking,,,,
frame_300.png,300,881,542,1089,523,Blinking,,,,
frame_301.png,301,882,538,1089,522,Blinking,,,,
frame_302.png,302,881,541,1087,523,Blinking,,,,
frame_303.png,303,880,543,1085,526,Blinking,,,,
frame_304.png,304,882,541,1087,523,Blinking,,,,
frame_305.png,305,879,540,1086,523,Blinking,,,,
frame_306.png,306,882,540,1086,525,Blinking,,,,
frame_307.png,307,875,543,1087,524,Blinking,,,,
frame_308.png,308,879,541,1087,526,Blinking,,,,
frame_309.png,309,879,540,1085,526,Blinking,,,,
frame_310.png,310,881,540,1082,527,Blinking,,,,
frame_311.png,311,881,538,1089,524,Blinking,,,,
frame_312.png,312,881,539,1086,526,Blinking,,,,
frame_313.png,313,884,541,1083,525,Blinking,,,,
frame_314.png,314,884,541,1087,524,Blinking,,,,
frame_315.png,315,883,536,1083,523,Blinking,,,,
frame_316.png,316,880,536,1093,522,Blinking,,,,
frame_317.png,317,872,540,1089,523,Blinking,,,,
frame_318.png,318,881,536,1090,524,Blinking,,,,
frame_319.png,319,881,537,1088,524,Blinking,,,,
frame_320.png,320,881,535,1091,524,Blinking,,,,
frame_321.png,321,884,537,1092,524,Blinking,,,,
frame_322.png,322,883,536,1089,524,Blinking,,,,
frame_323.png,323,867,537,1086,523,Blinking,,,,
frame_324.png,324,874,539,1088,524,Blinking,,,,
frame_325.png,325,870,540,1085,525,Blinking,,,,
frame_326.png,326,871,536,1086,524,Blinking,,,,
frame_327.png,327,868,538,1088,523,Blinking,,,,
frame_328.png,328,869,538,1080,525,Blinking,,,,
frame_329.png,329,873,539,1086,526,Blinking,,,,
frame_330.png,330,869,541,1088,524,Blinking,,,,
frame_331.png,331,868,541,1088,524,Blinking,,,,
frame_332.png,332,874,541,1091,525,Blinking,,,,
frame_333.png,333,872,542,1089,525,Blinking,,,,
frame_334.png,334,871,541,1089,525,Blinking,,,,
frame_335.png,335,869,542,1086,525,Blinking,,,,
frame_336.png,336,870,542,1085,525,Blinking,,,,
frame_337.png,337,870,542,1082,525,Blinking,,,,
frame_338.png,338,873,542,1084,524,Blinking,,,,
frame_339.png,339,873,542,1083,525,Blinking,,,,
frame_340.png,340,870,543,1081,524,Blinking,,,,
frame_341.png,341,868,542,1078,524,Blinking,,,,
frame_342.png,342,867,542,1079,526,Blinking,,,,
frame_343.png,343,868,542,1083,524,Blinking,,,,
frame_344.png,344,870,542,1082,523,Blinking,,,,
frame_345.png,345,869,542,1082,523,Blinking,,,,
frame_346.png,346,876,543,1083,525,Blinking,,,,
frame_347.png,347,872,543,1084,525,Blinking,,,,
frame_348.png,348,870,542,1085,524,Blinking,,,,
frame_349.png,349,870,543,1088,525,Blinking,,,,
frame_350.png,350,870,542,1085,524,Blinking,,,,
frame_351.png,351,872,542,1084,525,Blinking,,,,
frame_352.png,352,871,542,1086,523,Blinking,,,,
frame_353.png,353,872,543,1085,525,Blinking,,,,
frame_354.png,354,874,542,1088,524,Blinking,,,,
frame_355.png,355,871,543,1089,525,Blinking,,,,
frame_356.png,356,873,544,1087,527,Blinking,,,,
frame_357.png,357,871,544,1087,525,Blinking,,,,
frame_358.png,358,888,542,1081,529,Blinking,,,,
frame_359.png,359,870,544,1087,525,Blinking,,,,
frame_360.png,360,879,537,1088,526,Blinking,,,,
frame_361.png,361,872,544,1089,525,Blinking,,,,
frame_362.png,362,882,540,1089,526,Blinking,,,,
frame_363.png,363,877,544,1087,526,Blinking,,,,
frame_364.png,364,875,544,1089,524,Blinking,,,,
frame_365.png,365,883,542,1089,527,Blinking,,,,
frame_366.png,366,877,542,1088,526,Blinking,,,,
frame_367.png,367,883,540,1090,526,Blinking,,,,
frame_368.png,368,881,543,1088,528,Blinking,,,,
frame_369.png,369,880,541,1091,527,Blinking,,,,
frame_370.png,370,875,543,1083,526,Blinking,,,,
frame_371.png,371,876,539,1088,526,Blinking,,,,
frame_372.png,372,881,537,1091,525,Blinking,,,,
frame_373.png,373,877,544,1088,525,Blinking,,,,
frame_374.png,374,872,544,1090,526,Blinking,,,,
frame_375.png,375,869,544,1086,525,Blinking,,,,
frame_376.png,376,875,545,1085,526,Blinking,,,,
frame_377.png,377,874,544,1088,525,Blinking,,,,
frame_378.png,378,871,544,1082,526,Blinking,,,,
frame_379.png,379,868,544,1085,525,Blinking,,,,
frame_380.png,380,869,544,1082,527,Blinking,,,,
frame_381.png,381,875,543,1082,526,Blinking,,,,
frame_382.png,382,874,544,1085,528,Blinking,,,,
frame_383.png,383,868,540,1079,526,Blinking,,,,
frame_384.png,384,874,543,1084,526,Blinking,,,,
frame_385.png,385,868,541,1083,524,Blinking,,,,
frame_386.png,386,873,542,1080,527,Blinking,,,,
frame_387.png,387,873,541,1083,526,Blinking,,,,
frame_388.png,388,878,541,1086,529,Blinking,,,,
frame_389.png,389,880,539,1086,531,Blinking,,,,
frame_390.png,390,885,538,1091,534,Blinking,,,,
frame_391.png,391,888,538,1091,537,Blinking,,,,
frame_392.png,392,889,535,1097,537,Blinking,,,,
frame_393.png,393,896,536,1100,539,Blinking,,,,
frame_394.png,394,895,534,1103,537,Blinking,,,,
frame_395.png,395,901,531,1107,536,Blinking,,,,
frame_396.png,396,903,530,1113,535,Blinking,,,,
frame_397.png,397,906,530,1120,536,Blinking,,,,
frame_398.png,398,913,527,1121,535,Blinking,,,,
frame_399.png,399,924,530,1126,539,Blinking,,,,
frame_400.png,400,925,528,1132,536,Blinking,,,,
frame_401.png,401,927,531,1134,539,Blinking,,,,
frame_402.png,402,927,526,1137,536,Blinking,,,,
frame_403.png,403,930,526,1139,535,Blinking,,,,
frame_404.png,404,932,525,1142,534,Blinking,,,,
frame_405.png,405,934,526,1142,535,Blinking,,,,
frame_406.png,406,929,524,1139,529,Blinking,,,,
frame_407.png,407,932,522,1141,530,Blinking,,,,
frame_408.png,408,937,521,1139,529,Blinking,,,,
frame_409.png,409,932,521,1143,530,Blinking,,,,
frame_410.png,410,937,521,1145,529,Blinking,,,,
frame_411.png,411,942,520,1150,532,Blinking,,,,
frame_412.png,412,961,520,1152,532,Blinking,,,,
frame_413.png,413,960,519,1161,533,Blinking,,,,
frame_414.png,414,964,518,1162,531,Blinking,,,,
frame_415.png,415,964,514,1167,530,Blinking,,,,
frame_416.png,416,965,512,1167,527,Blinking,,,,
frame_417.png,417,963,511,1168,526,Blinking,,,,
frame_418.png,418,960,511,1164,526,Blinking,,,,
frame_419.png,419,958,511,1165,525,Blinking,,,,
frame_420.png,420,958,509,1163,524,Blinking,,,,
frame_421.png,421,957,509,1170,522,Blinking,,,,
frame_422.png,422,958,510,1170,522,Blinking,,,,
frame_423.png,423,957,510,1171,521,Blinking,,,,
frame_424.png,424,959,510,1170,520,Blinking,,,,
frame_425.png,425,956,509,1171,518,Blinking,,,,
frame_426.png,426,955,510,1170,517,Blinking,,,,
frame_427.png,427,956,511,1168,516,Blinking,,,,
frame_428.png,428,953,513,1167,516,Blinking,,,,
frame_429.png,429,957,515,1168,516,Blinking,,,,
frame_430.png,430,954,518,1166,517,Blinking,,,,
frame_431.png,431,943,517,1165,513,Blinking,,,,
frame_432.png,432,951,520,1165,513,Blinking,,,,
frame_433.png,433,948,521,1161,514,Blinking,,,,
frame_434.png,434,937,523,1158,515,Blinking,,,,
frame_435.png,435,935,523,1157,512,Blinking,,,,
frame_436.png,436,929,525,1154,512,Blinking,,,,
frame_437.png,437,935,528,1147,514,Blinking,,,,
frame_438.png,438,919,528,1146,510,Blinking,,,,
frame_439.png,439,923,530,1133,512,Blinking,,,,
frame_440.png,440,917,533,1128,515,Blinking,,,,
frame_441.png,441,908,536,1126,517,Blinking,,,,
frame_442.png,442,905,538,1117,518,Blinking,,,,
frame_443.png,443,899,540,1116,519,Blinking,,,,
frame_444.png,444,896,542,1110,519,Blinking,,,,
frame_445.png,445,889,545,1110,521,Blinking,,,,
frame_446.png,446,886,545,1105,524,Blinking,,,,
frame_447.png,447,891,546,1103,523,Blinking,,,,
frame_448.png,448,887,546,1100,526,Center,,,,
frame_449.png,449,890,544,1098,526,Blinking,,,,
frame_450.png,450,887,545,1100,526,Blinking,,,,
frame_451.png,451,889,547,1099,526,Blinking,,,,
frame_452.png,452,892,545,1102,527,Blinking,,,,
frame_453.png,453,890,548,1106,526,Blinking,,,,
frame_454.png,454,897,546,1106,529,Blinking,,,,
frame_455.png,455,900,543,1109,529,Blinking,,,,
frame_456.png,456,898,547,1110,530,Blinking,,,,
frame_457.png,457,901,546,1109,531,Blinking,,,,
frame_458.png,458,905,546,1109,530,Blinking,,,,
frame_459.png,459,906,546,1110,532,Blinking,,,,
frame_460.png,460,904,549,1112,531,Blinking,,,,
frame_461.png,461,904,547,1113,528,Blinking,,,,
frame_462.png,462,907,546,1111,529,Blinking,,,,
frame_463.png,463,906,547,1114,527,Blinking,,,,
frame_464.png,464,902,545,1111,525,Blinking,,,,
frame_465.png,465,908,545,1112,526,Blinking,,,,
frame_466.png,466,905,545,1113,525,Blinking,,,,
frame_467.png,467,905,547,1112,526,Blinking,,,,
frame_468.png,468,905,546,1113,528,Blinking,,,,
frame_469.png,469,906,544,1113,525,Blinking,,,,
frame_470.png,470,903,544,1113,525,Blinking,,,,
frame_471.png,471,904,545,1113,524,Blinking,,,,
frame_472.png,472,907,544,1114,528,Blinking,,,,
frame_473.png,473,908,545,1117,526,Blinking,,,,
frame_474.png,474,908,545,1114,528,Blinking,,,,
frame_475.png,475,909,549,1111,531,Blinking,,,,
frame_476.png,476,906,546,1114,529,Blinking,,,,
frame_477.png,477,905,546,1113,530,Blinking,,,,
frame_478.png,478,906,544,1113,530,Blinking,,,,
frame_479.png,479,908,546,1110,532,Blinking,,,,
frame_480.png,480,907,546,1110,532,Blinking,,,,
frame_481.png,481,907,546,1111,532,Blinking,,,,
frame_482.png,482,905,547,1112,531,Blinking,,,,
frame_483.png,483,904,546,1111,532,Blinking,,,,
frame_484.png,484,908,544,1113,532,Blinking,,,,
frame_485.png,485,904,545,1114,531,Blinking,,,,
frame_486.png,486,911,541,1115,528,Blinking,,,,
frame_487.png,487,904,544,1115,531,Blinking,,,,
frame_488.png,488,911,540,1114,531,Blinking,,,,
frame_489.png,489,911,546,1111,533,Blinking,,,,
frame_490.png,490,914,541,1113,530,Blinking,,,,
frame_491.png,491,906,543,1113,530,Blinking,,,,
frame_492.png,492,911,542,1113,530,Blinking,,,,
frame_493.png,493,913,548,1115,534,Blinking,,,,
frame_494.png,494,922,541,1117,530,Blinking,,,,
frame_495.png,495,920,546,1117,532,Blinking,,,,
frame_496.png,496,912,543,1116,530,Blinking,,,,
frame_497.png,497,911,541,1116,531,Blinking,,,,
frame_498.png,498,908,545,1115,532,Blinking,,,,
frame_499.png,499,912,545,1117,531,Blinking,,,,
frame_500.png,500,913,540,1122,530,Blinking,,,,
frame_501.png,501,918,542,1124,530,Blinking,,,,
frame_502.png,502,927,536,1119,530,Blinking,,,,
frame_503.png,503,920,540,1123,529,Blinking,,,,
frame_504.png,504,919,542,1124,531,Blinking,,,,
frame_505.png,505,920,544,1123,531,Blinking,,,,
frame_506.png,506,920,543,1123,531,Blinking,,,,
frame_507.png,507,918,536,1115,528,Blinking,,,,
frame_508.png,508,914,538,1110,529,Blinking,,,,
frame_509.png,509,907,539,1115,529,Blinking,,,,
frame_510.png,510,909,541,1107,530,Blinking,,,,
frame_511.png,511,902,541,1103,529,Blinking,,,,
frame_512.png,512,894,542,1103,527,Blinking,,,,
frame_513.png,513,892,542,1096,527,Blinking,,,,
frame_514.png,514,890,543,1097,525,Blinking,,,,
frame_515.png,515,885,543,1089,525,Blinking,,,,
frame_516.png,516,883,540,1089,523,Blinking,,,,
frame_517.png,517,882,540,1085,523,Blinking,,,,
frame_518.png,518,883,543,1087,521,Blinking,,,,
frame_519.png,519,882,541,1084,524,Blinking,,,,
frame_520.png,520,881,540,1089,520,Blinking,,,,
frame_521.png,521,883,540,1090,519,Blinking,,,,
frame_522.png,522,884,543,1090,521,Blinking,,,,
frame_523.png,523,887,540,1091,520,Blinking,,,,
frame_524.png,524,888,538,1097,519,Blinking,,,,
frame_525.png,525,888,540,1096,519,Blinking,,,,
frame_526.png,526,891,539,1096,521,Blinking,,,,
frame_527.png,527,886,541,1092,522,Blinking,,,,
frame_528.png,528,883,538,1087,522,Blinking,,,,
frame_529.png,529,882,539,1087,521,Blinking,,,,
frame_530.png,530,879,540,1087,519,Blinking,,,,
frame_531.png,531,867,541,1085,517,Blinking,,,,
frame_532.png,532,869,543,1081,519,Blinking,,,,
frame_533.png,533,868,541,1078,519,Blinking,,,,
frame_534.png,534,871,542,1080,517,Blinking,,,,
frame_535.png,535,867,541,1082,515,Blinking,,,,
frame_536.png,536,869,540,1080,516,Blinking,,,,
frame_537.png,537,871,540,1086,514,Blinking,,,,
frame_538.png,538,882,534,1085,515,Blinking,,,,
frame_539.png,539,879,536,1080,516,Blinking,,,,
frame_540.png,540,879,535,1082,512,Blinking,,,,
frame_541.png,541,878,535,1061,514,Blinking,,,,
frame_542.png,542,879,533,1081,510,Blinking,,,,
frame_543.png,543,875,535,1080,509,Blinking,,,,
frame_544.png,544,876,535,1058,511,Blinking,,,,
frame_545.png,545,872,531,1057,510,Blinking,,,,
frame_546.png,546,856,537,1057,507,Blinking,,,,
frame_547.png,547,874,531,1056,507,Blinking,,,,
frame_548.png,548,873,530,1057,508,Blinking,,,,
frame_549.png,549,855,536,1057,509,Blinking,,,,
frame_550.png,550,855,536,1057,509,Blinking,,,,
frame_551.png,551,859,533,1056,505,Blinking,,,,
frame_552.png,552,869,532,1054,506,Blinking,,,,
frame_553.png,553,869,531,1054,508,Blinking,,,,
frame_554.png,554,849,537,1052,508,Blinking,,,,
frame_555.png,555,858,540,1053,514,Blinking,,,,
frame_556.png,556,853,539,1049,516,Blinking,,,,
frame_557.png,557,841,542,1054,520,Blinking,,,,
frame_558.png,558,840,542,1055,521,Blinking,,,,
frame_559.png,559,853,544,1044,522,Blinking,,,,
frame_560.png,560,860,541,1057,523,Blinking,,,,
frame_561.png,561,865,543,1057,523,Blinking,,,,
frame_562.png,562,840,535,1044,523,Blinking,,,,
frame_563.png,563,842,542,1037,523,Blinking,,,,
frame_564.png,564,836,543,1038,524,Blinking,,,,
frame_565.png,565,782,563,1045,525,Blinking,,,,
frame_566.png,566,827,545,1012,511,Blinking,,,,
frame_567.png,567,777,564,1014,512,Blinking,,,,
frame_568.png,568,776,565,1060,538,Center,,,,
frame_569.png,569,773,565,1012,513,Right,,,,
frame_570.png,570,773,565,1012,513,Right,,,,
frame_571.png,571,0.0,0.0,0.0,0.0,Unknown,,,,
frame_572.png,572,0.0,0.0,0.0,0.0,Unknown,,,,
frame_573.png,573,834,538,1066,547,Center,,,,
frame_574.png,574,829,539,1091,535,Left,,,,
frame_575.png,575,833,538,1071,547,Center,,,,
frame_576.png,576,804,549,1071,538,Center,,,,
frame_577.png,577,838,537,1100,535,Left,,,,
frame_578.png,578,0.0,0.0,0.0,0.0,Unknown,,,,
frame_579.png,579,828,537,1104,532,Left,,,,
frame_580.png,580,843,535,1074,540,Center,,,,
frame_581.png,581,851,530,1076,530,Center,,,,
frame_582.png,582,795,560,1077,531,Right,,,,
frame_583.png,583,855,535,1081,528,Left,,,,
frame_584.png,584,848,535,1085,527,Center,,,,
frame_585.png,585,846,535,1088,525,Center,,,,
frame_586.png,586,845,534,1091,524,Center,,,,
frame_587.png,587,851,533,1093,522,Center,,,,
frame_588.png,588,821,556,1097,522,Center,,,,
frame_589.png,589,898,531,1105,523,Left,,,,
frame_590.png,590,894,532,1104,522,Blinking,,,,
frame_591.png,591,889,532,1107,522,Blinking,,,,
frame_592.png,592,897,532,1109,522,Blinking,,,,
frame_593.png,593,897,532,1107,522,Blinking,,,,
frame_594.png,594,896,536,1106,524,Blinking,,,,
frame_595.png,595,899,533,1104,523,Blinking,,,,
frame_596.png,596,891,535,1106,523,Blinking,,,,
frame_597.png,597,898,534,1109,521,Blinking,,,,
frame_598.png,598,902,537,1107,523,Blinking,,,,
frame_599.png,599,902,537,1106,523,Blinking,,,,
frame_600.png,600,903,536,1105,523,Blinking,,,,
frame_601.png,601,905,537,1107,523,Blinking,,,,
frame_602.png,602,901,535,1111,522,Blinking,,,,
frame_603.png,603,898,537,1104,524,Blinking,,,,
frame_604.png,604,902,534,1109,521,Blinking,,,,
frame_605.png,605,898,533,1106,522,Blinking,,,,
frame_606.png,606,892,536,1106,523,Blinking,,,,
frame_607.png,607,896,536,1104,524,Blinking,,,,
frame_608.png,608,899,537,1104,525,Blinking,,,,
frame_609.png,609,896,537,1106,525,Blinking,,,,
frame_610.png,610,893,537,1102,525,Blinking,,,,
frame_611.png,611,891,536,1101,526,Blinking,,,,
frame_612.png,612,896,537,1104,525,Center,,,,
frame_613.png,613,894,536,1099,526,Blinking,,,,
frame_614.png,614,896,535,1100,526,Blinking,,,,
frame_615.png,615,888,535,1094,526,Blinking,,,,
frame_616.png,616,820,559,1091,527,Center,,,,
frame_617.png,617,819,564,1092,528,Blinking,,,,
frame_618.png,618,818,563,1088,528,Center,,,,
frame_619.png,619,887,541,1091,527,Blinking,,,,
frame_620.png,620,851,539,1091,527,Center,,,,
frame_621.png,621,872,539,1091,528,Left,,,,
frame_622.png,622,870,537,1096,530,Blinking,,,,
frame_623.png,623,866,537,1095,530,Left,,,,
frame_624.png,624,845,540,1094,531,Center,,,,
frame_625.png,625,845,540,1092,532,Center,,,,
frame_626.png,626,860,540,1091,531,Left,,,,
frame_627.png,627,862,537,1090,530,Left,,,,
frame_628.png,628,863,535,1089,528,Left,,,,
frame_629.png,629,859,534,1083,526,Center,,,,
frame_630.png,630,862,535,1079,526,Center,,,,
frame_631.png,631,882,540,1078,527,Blinking,,,,
frame_632.png,632,881,538,1083,525,Blinking,,,,
frame_633.png,633,871,539,1080,527,Left,,,,
frame_634.png,634,860,538,1089,528,Center,,,,
frame_635.png,635,858,535,1080,529,Center,,,,
frame_636.png,636,864,541,1079,530,Left,,,,
frame_637.png,637,857,541,1077,529,Left,,,,
frame_638.png,638,860,539,1074,530,Center,,,,
frame_639.png,639,852,542,1072,528,Left,,,,
frame_640.png,640,851,539,1068,527,Blinking,,,,
frame_641.png,641,851,541,1066,525,Center,,,,
frame_642.png,642,846,535,1051,522,Blinking,,,,
frame_643.png,643,845,540,1056,523,Blinking,,,,
frame_644.png,644,842,540,1052,522,Center,,,,
frame_645.png,645,844,542,1053,522,Center,,,,
frame_646.png,646,849,542,1054,520,Blinking,,,,
frame_647.png,647,845,540,1050,520,Blinking,,,,
frame_648.png,648,846,535,1061,521,Blinking,,,,
frame_649.png,649,866,541,1072,520,Blinking,,,,
frame_650.png,650,865,544,1074,520,Blinking,,,,
frame_651.png,651,872,541,1082,520,Blinking,,,,
frame_652.png,652,872,542,1082,520,Blinking,,,,
frame_653.png,653,874,541,1089,520,Blinking,,,,
frame_654.png,654,886,537,1092,520,Blinking,,,,
frame_655.png,655,890,535,1099,519,Blinking,,,,
frame_656.png,656,902,530,1095,519,Center,,,,
frame_657.png,657,898,535,1103,520,Blinking,,,,
frame_658.png,658,899,532,1108,517,Blinking,,,,
frame_659.png,659,901,533,1110,516,Blinking,,,,
frame_660.png,660,903,532,1111,516,Blinking,,,,
frame_661.png,661,898,534,1120,513,Blinking,,,,
frame_662.png,662,905,532,1122,514,Blinking,,,,
frame_663.png,663,910,530,1120,513,Blinking,,,,
frame_664.png,664,911,530,1118,513,Blinking,,,,
frame_665.png,665,914,529,1123,512,Blinking,,,,
frame_666.png,666,908,532,1128,511,Blinking,,,,
frame_667.png,667,912,531,1131,512,Blinking,,,,
frame_668.png,668,913,531,1131,512,Blinking,,,,
frame_669.png,669,919,531,1130,513,Blinking,,,,
frame_670.png,670,916,530,1132,512,Blinking,,,,
frame_671.png,671,920,529,1132,511,Blinking,,,,
frame_672.png,672,917,532,1132,515,Blinking,,,,
frame_673.png,673,917,532,1131,515,Blinking,,,,
frame_674.png,674,914,532,1132,515,Blinking,,,,
frame_675.png,675,911,533,1123,516,Blinking,,,,
frame_676.png,676,916,534,1127,519,Blinking,,,,
frame_677.png,677,911,536,1127,518,Blinking,,,,
frame_678.png,678,910,535,1106,522,Blinking,,,,
frame_679.png,679,905,538,1111,521,Blinking,,,,
frame_680.png,680,907,535,1102,521,Blinking,,,,
frame_681.png,681,903,539,1100,523,Blinking,,,,
frame_682.png,682,894,540,1107,521,Blinking,,,,
frame_683.png,683,894,541,1106,521,Blinking,,,,
frame_684.png,684,898,540,1105,521,Blinking,,,,
frame_685.png,685,900,537,1100,522,Blinking,,,,
frame_686.png,686,898,540,1098,524,Blinking,,,,
frame_687.png,687,891,537,1103,523,Blinking,,,,
frame_688.png,688,896,539,1098,526,Blinking,,,,
frame_689.png,689,891,542,1101,525,Blinking,,,,
frame_690.png,690,890,540,1098,526,Blinking,,,,
frame_691.png,691,891,541,1104,526,Blinking,,,,
frame_692.png,692,899,541,1099,526,Center,,,,
frame_693.png,693,898,541,1098,527,Blinking,,,,
frame_694.png,694,895,539,1092,525,Blinking,,,,
frame_695.png,695,896,540,1098,528,Blinking,,,,
frame_696.png,696,878,541,1099,527,Blinking,,,,
frame_697.png,697,893,546,1094,528,Blinking,,,,
frame_698.png,698,872,542,1090,527,Blinking,,,,
frame_699.png,699,850,543,1092,528,Blinking,,,,
frame_700.png,700,848,543,1098,531,Center,,,,
frame_701.png,701,848,543,1097,531,Blinking,,,,
frame_702.png,702,856,544,1095,532,Blinking,,,,
frame_703.png,703,855,545,1094,533,Blinking,,,,
frame_704.png,704,861,546,1093,533,Left,,,,
frame_705.png,705,877,548,1094,534,Left,,,,
frame_706.png,706,863,543,1093,534,Left,,,,
frame_707.png,707,859,546,1091,534,Left,,,,
frame_708.png,708,866,545,1092,534,Left,,,,
frame_709.png,709,858,537,1090,529,Left,,,,
frame_710.png,710,864,539,1092,533,Left,,,,
frame_711.png,711,862,544,1093,533,Left,,,,
frame_712.png,712,856,546,1092,532,Blinking,,,,
frame_713.png,713,846,545,1092,532,Left,,,,
frame_714.png,714,854,544,1085,530,Blinking,,,,
frame_715.png,715,843,545,1079,530,Blinking,,,,
frame_716.png,716,842,545,1079,529,Center,,,,
frame_717.png,717,885,547,1082,530,Blinking,,,,
frame_718.png,718,881,551,1082,530,Blinking,,,,
frame_719.png,719,864,547,1085,528,Center,,,,
frame_720.png,720,835,546,1075,527,Blinking,,,,
frame_721.png,721,877,553,1072,528,Blinking,,,,
frame_722.png,722,879,554,1065,528,Blinking,,,,
frame_723.png,723,871,554,1065,529,Blinking,,,,
frame_724.png,724,871,554,1072,529,Blinking,,,,
frame_725.png,725,868,554,1067,529,Blinking,,,,
frame_726.png,726,869,555,1067,529,Blinking,,,,
frame_727.png,727,870,555,1071,530,Blinking,,,,
frame_728.png,728,866,554,1063,529,Blinking,,,,
frame_729.png,729,865,555,1060,530,Blinking,,,,
frame_730.png,730,865,551,1062,529,Blinking,,,,
frame_731.png,731,861,554,1065,530,Blinking,,,,
frame_732.png,732,862,553,1065,528,Blinking,,,,
frame_733.png,733,864,554,1070,529,Blinking,,,,
frame_734.png,734,858,550,1059,528,Blinking,,,,
frame_735.png,735,861,554,1065,528,Blinking,,,,
frame_736.png,736,861,552,1066,527,Blinking,,,,
frame_737.png,737,859,554,1061,528,Blinking,,,,
frame_738.png,738,857,551,1059,525,Blinking,,,,
frame_739.png,739,859,552,1048,527,Blinking,,,,
frame_740.png,740,839,553,1061,526,Blinking,,,,
frame_741.png,741,839,554,1051,526,Blinking,,,,
frame_742.png,742,849,550,1067,525,Blinking,,,,
frame_743.png,743,853,552,1063,527,Blinking,,,,
frame_744.png,744,851,554,1057,529,Blinking,,,,
frame_745.png,745,860,553,1058,529,Blinking,,,,
frame_746.png,746,861,552,1064,527,Blinking,,,,
frame_747.png,747,861,553,1063,527,Blinking,,,,
frame_748.png,748,846,552,1058,527,Blinking,,,,
frame_749.png,749,834,554,1059,526,Blinking,,,,
frame_750.png,750,861,552,1056,527,Blinking,,,,
frame_751.png,751,850,552,1051,526,Blinking,,,,
frame_752.png,752,862,550,1052,526,Blinking,,,,
frame_753.png,753,852,553,1057,526,Blinking,,,,
frame_754.png,754,841,553,1059,522,Blinking,,,,
frame_755.png,755,855,551,1060,522,Blinking,,,,
frame_756.png,756,851,551,1065,522,Blinking,,,,
frame_757.png,757,855,551,1059,521,Blinking,,,,
frame_758.png,758,853,552,1069,521,Blinking,,,,
frame_759.png,759,855,549,1068,519,Blinking,,,,
frame_760.png,760,855,549,1071,520,Blinking,,,,
frame_761.png,761,856,550,1070,520,Blinking,,,,
frame_762.png,762,857,549,1070,520,Blinking,,,,
frame_763.png,763,854,549,1070,518,Blinking,,,,
frame_764.png,764,856,548,1070,518,Blinking,,,,
frame_765.png,765,855,548,1075,518,Blinking,,,,
frame_766.png,766,859,550,1070,521,Blinking,,,,
frame_767.png,767,856,548,1075,518,Blinking,,,,
frame_768.png,768,857,549,1074,520,Blinking,,,,
frame_769.png,769,859,549,1074,521,Blinking,,,,
frame_770.png,770,860,549,1076,519,Blinking,,,,
frame_771.png,771,860,550,1078,520,Blinking,,,,
frame_772.png,772,858,549,1074,518,Blinking,,,,
frame_773.png,773,862,548,1077,520,Blinking,,,,
frame_774.png,774,861,548,1076,521,Blinking,,,,
frame_775.png,775,860,551,1079,520,Blinking,,,,
frame_776.png,776,859,550,1078,519,Blinking,,,,
frame_777.png,777,859,550,1080,520,Blinking,,,,
frame_778.png,778,861,549,1078,522,Blinking,,,,
frame_779.png,779,860,550,1079,522,Blinking,,,,
frame_780.png,780,868,551,1080,524,Blinking,,,,
frame_781.png,781,868,550,1073,522,Blinking,,,,
frame_782.png,782,870,548,1073,522,Blinking,,,,
frame_783.png,783,867,551,1075,523,Blinking,,,,
frame_784.png,784,867,551,1069,524,Blinking,,,,
frame_785.png,785,865,550,1070,523,Blinking,,,,
frame_786.png,786,866,553,1071,524,Blinking,,,,
frame_787.png,787,864,553,1068,524,Blinking,,,,
frame_788.png,788,864,552,1068,525,Blinking,,,,
frame_789.png,789,854,553,1069,523,Blinking,,,,
frame_790.png,790,862,552,1071,524,Blinking,,,,
frame_791.png,791,864,553,1069,525,Blinking,,,,
frame_792.png,792,863,554,1070,524,Blinking,,,,
frame_793.png,793,864,551,1069,524,Blinking,,,,
frame_794.png,794,863,552,1060,523,Blinking,,,,
frame_795.png,795,864,553,1066,525,Blinking,,,,
frame_796.png,796,865,551,1066,525,Blinking,,,,
frame_797.png,797,863,552,1066,524,Blinking,,,,
frame_798.png,798,866,553,1062,526,Blinking,,,,
frame_799.png,799,865,554,1063,525,Blinking,,,,
frame_800.png,800,866,553,1066,524,Blinking,,,,
frame_801.png,801,863,552,1064,523,Blinking,,,,
frame_802.png,802,866,551,1064,525,Blinking,,,,
frame_803.png,803,866,551,1070,523,Blinking,,,,
frame_804.png,804,860,552,1067,524,Blinking,,,,
frame_805.png,805,867,551,1067,523,Blinking,,,,
frame_806.png,806,865,551,1068,522,Blinking,,,,
frame_807.png,807,858,551,1063,523,Blinking,,,,
frame_808.png,808,853,552,1069,523,Blinking,,,,
frame_809.png,809,854,552,1070,522,Blinking,,,,
frame_810.png,810,866,553,1064,523,Blinking,,,,
frame_811.png,811,866,551,1072,521,Blinking,,,,
frame_812.png,812,867,552,1066,523,Blinking,,,,
frame_813.png,813,868,552,1070,523,Blinking,,,,
frame_814.png,814,870,552,1067,524,Blinking,,,,
frame_815.png,815,870,553,1077,524,Blinking,,,,
frame_816.png,816,869,553,1076,524,Blinking,,,,
frame_817.png,817,870,552,1077,524,Blinking,,,,
frame_818.png,818,870,552,1077,524,Blinking,,,,
frame_819.png,819,871,552,1079,523,Blinking,,,,
frame_820.png,820,870,553,1078,524,Blinking,,,,
frame_821.png,821,870,552,1075,522,Blinking,,,,
frame_822.png,822,868,553,1080,524,Blinking,,,,
frame_823.png,823,867,551,1076,524,Blinking,,,,
frame_824.png,824,869,553,1075,524,Blinking,,,,
frame_825.png,825,867,553,1073,525,Blinking,,,,
frame_826.png,826,867,554,1073,525,Blinking,,,,
frame_827.png,827,866,554,1075,525,Blinking,,,,
frame_828.png,828,867,555,1067,526,Blinking,,,,
frame_829.png,829,869,554,1068,526,Blinking,,,,
frame_830.png,830,868,557,1075,527,Blinking,,,,
frame_831.png,831,868,555,1072,526,Blinking,,,,
frame_832.png,832,869,555,1072,527,Blinking,,,,
frame_833.png,833,869,552,1073,524,Blinking,,,,
frame_834.png,834,863,552,1072,525,Blinking,,,,
frame_835.png,835,864,550,1073,522,Blinking,,,,
frame_836.png,836,849,553,1066,523,Blinking,,,,
frame_837.png,837,862,550,1076,521,Blinking,,,,
frame_838.png,838,849,552,1073,523,Blinking,,,,
frame_839.png,839,849,552,1067,523,Blinking,,,,
frame_840.png,840,847,553,1075,522,Blinking,,,,
frame_841.png,841,847,553,1064,523,Blinking,,,,
frame_842.png,842,847,554,1067,523,Blinking,,,,
frame_843.png,843,858,552,1061,523,Blinking,,,,
frame_844.png,844,859,549,1061,522,Blinking,,,,
frame_845.png,845,860,551,1061,523,Blinking,,,,
frame_846.png,846,853,553,1062,524,Blinking,,,,
frame_847.png,847,859,551,1063,523,Blinking,,,,
frame_848.png,848,859,551,1069,524,Blinking,,,,
frame_849.png,849,845,553,1062,524,Blinking,,,,
frame_850.png,850,859,550,1073,523,Blinking,,,,
frame_851.png,851,862,551,1067,524,Blinking,,,,
frame_852.png,852,860,550,1066,525,Blinking,,,,
frame_853.png,853,855,553,1071,524,Blinking,,,,
frame_854.png,854,869,552,1065,526,Blinking,,,,
frame_855.png,855,861,550,1070,524,Blinking,,,,
frame_856.png,856,854,552,1077,524,Blinking,,,,
frame_857.png,857,861,551,1072,526,Blinking,,,,
frame_858.png,858,870,549,1067,526,Blinking,,,,
frame_859.png,859,871,552,1069,526,Blinking,,,,
frame_860.png,860,868,550,1067,525,Blinking,,,,
frame_861.png,861,870,551,1076,525,Blinking,,,,
frame_862.png,862,856,552,1070,527,Blinking,,,,
frame_863.png,863,859,550,1067,525,Blinking,,,,
frame_864.png,864,870,551,1073,526,Blinking,,,,
frame_865.png,865,870,551,1069,526,Blinking,,,,
frame_866.png,866,868,550,1065,527,Blinking,,,,
frame_867.png,867,870,550,1074,525,Blinking,,,,
frame_868.png,868,862,550,1073,525,Blinking,,,,
frame_869.png,869,860,551,1073,525,Blinking,,,,
frame_870.png,870,857,549,1076,522,Blinking,,,,
frame_871.png,871,860,551,1072,525,Blinking,,,,
frame_872.png,872,861,549,1066,524,Blinking,,,,
frame_873.png,873,868,550,1071,524,Blinking,,,,
frame_874.png,874,862,547,1071,524,Blinking,,,,
frame_875.png,875,856,547,1065,522,Blinking,,,,
frame_876.png,876,861,548,1073,523,Blinking,,,,
frame_877.png,877,862,547,1071,521,Blinking,,,,
frame_878.png,878,846,551,1074,523,Blinking,,,,
frame_879.png,879,867,549,1073,523,Blinking,,,,
frame_880.png,880,860,550,1069,522,Blinking,,,,
frame_881.png,881,855,551,1071,523,Blinking,,,,
frame_882.png,882,867,549,1068,523,Blinking,,,,
frame_883.png,883,857,552,1067,523,Blinking,,,,
frame_884.png,884,855,553,1067,527,Blinking,,,,
frame_885.png,885,857,552,1071,524,Blinking,,,,
frame_886.png,886,865,552,1064,526,Blinking,,,,
frame_887.png,887,855,552,1068,525,Blinking,,,,
frame_888.png,888,870,554,1063,526,Blinking,,,,
frame_889.png,889,866,553,1067,527,Blinking,,,,
frame_890.png,890,867,552,1069,529,Blinking,,,,
frame_891.png,891,871,557,1068,529,Blinking,,,,
frame_892.png,892,870,555,1072,529,Blinking,,,,
frame_893.png,893,871,556,1071,529,Blinking,,,,
frame_894.png,894,867,554,1074,528,Blinking,,,,
frame_895.png,895,869,555,1069,529,Blinking,,,,
frame_896.png,896,869,555,1072,529,Blinking,,,,
frame_897.png,897,866,555,1070,529,Blinking,,,,
frame_898.png,898,867,554,1075,528,Blinking,,,,
frame_899.png,899,867,556,1077,528,Blinking,,,,
frame_900.png,900,872,556,1074,529,Blinking,,,,
frame_901.png,901,870,555,1076,529,Blinking,,,,
frame_902.png,902,869,556,1071,527,Blinking,,,,
frame_903.png,903,868,556,1064,527,Blinking,,,,
frame_904.png,904,868,556,1074,529,Blinking,,,,
