Image File Name,Frame Number,Left Pupil X,Left Pupil Y,Right Pupil X,Right Pupil Y,Direction,K Value,Behaviour,Fixation Level,Saccade Level
frame_0.png,0,0.0,0.0,0.0,0.0,Unknown,-1318.8292156302878,exploratory,0.0,1318.8292156302878
frame_1.png,1,0.0,0.0,0.0,0.0,Unknown,-1318.8292156302878,exploratory,0.0,1318.8292156302878
frame_2.png,2,0.0,0.0,0.0,0.0,Unknown,-1315.247695303056,exploratory,0.0,1315.247695303056
frame_3.png,3,0.0,0.0,0.0,0.0,Unknown,-1315.247695303056,exploratory,0.0,1315.247695303056
frame_4.png,4,0.0,0.0,0.0,0.0,Unknown,-1283.991627698561,exploratory,0.0,1283.991627698561
frame_5.png,5,0.0,0.0,0.0,0.0,Unknown,-2.0,exploratory,0.0,2.0
frame_6.png,6,0.0,0.0,0.0,0.0,Unknown,-1282.1359132322907,exploratory,0.0,1282.1359132322907
frame_7.png,7,0.0,0.0,0.0,0.0,Unknown,-1266.0750372706982,exploratory,0.0,1266.0750372706982
frame_8.png,8,0.0,0.0,0.0,0.0,Unknown,-1266.0750372706982,exploratory,0.0,1266.0750372706982
frame_9.png,9,0.0,0.0,0.0,0.0,Unknown,,,,
frame_10.png,10,0.0,0.0,0.0,0.0,Unknown,,,,
frame_11.png,11,0.0,0.0,0.0,0.0,Unknown,,,,
frame_12.png,12,0.0,0.0,0.0,0.0,Unknown,,,,
frame_13.png,13,0.0,0.0,0.0,0.0,Unknown,,,,
frame_14.png,14,0.0,0.0,0.0,0.0,Unknown,,,,
frame_15.png,15,0.0,0.0,0.0,0.0,Unknown,,,,
frame_16.png,16,0.0,0.0,0.0,0.0,Unknown,,,,
frame_17.png,17,0.0,0.0,0.0,0.0,Unknown,,,,
frame_18.png,18,0.0,0.0,0.0,0.0,Unknown,,,,
frame_19.png,19,0.0,0.0,0.0,0.0,Unknown,,,,
frame_20.png,20,0.0,0.0,0.0,0.0,Unknown,,,,
frame_21.png,21,0.0,0.0,0.0,0.0,Unknown,,,,
frame_22.png,22,0.0,0.0,0.0,0.0,Unknown,,,,
frame_23.png,23,0.0,0.0,0.0,0.0,Unknown,,,,
frame_24.png,24,0.0,0.0,0.0,0.0,Unknown,,,,
frame_25.png,25,0.0,0.0,0.0,0.0,Unknown,,,,
frame_26.png,26,0.0,0.0,0.0,0.0,Unknown,,,,
frame_27.png,27,0.0,0.0,0.0,0.0,Unknown,,,,
frame_28.png,28,0.0,0.0,0.0,0.0,Unknown,,,,
frame_29.png,29,0.0,0.0,0.0,0.0,Unknown,,,,
frame_30.png,30,0.0,0.0,0.0,0.0,Unknown,,,,
frame_31.png,31,0.0,0.0,0.0,0.0,Unknown,,,,
frame_32.png,32,0.0,0.0,0.0,0.0,Unknown,,,,
frame_33.png,33,0.0,0.0,0.0,0.0,Unknown,,,,
frame_34.png,34,0.0,0.0,0.0,0.0,Unknown,,,,
frame_35.png,35,0.0,0.0,0.0,0.0,Unknown,,,,
frame_36.png,36,0.0,0.0,0.0,0.0,Unknown,,,,
frame_37.png,37,0.0,0.0,0.0,0.0,Unknown,,,,
frame_38.png,38,0.0,0.0,0.0,0.0,Unknown,,,,
frame_39.png,39,0.0,0.0,0.0,0.0,Unknown,,,,
frame_40.png,40,0.0,0.0,0.0,0.0,Unknown,,,,
frame_41.png,41,0.0,0.0,0.0,0.0,Unknown,,,,
frame_42.png,42,0.0,0.0,0.0,0.0,Unknown,,,,
frame_43.png,43,0.0,0.0,0.0,0.0,Unknown,,,,
frame_44.png,44,0.0,0.0,0.0,0.0,Unknown,,,,
frame_45.png,45,0.0,0.0,0.0,0.0,Unknown,,,,
frame_46.png,46,0.0,0.0,0.0,0.0,Unknown,,,,
frame_47.png,47,0.0,0.0,0.0,0.0,Unknown,,,,
frame_48.png,48,0.0,0.0,0.0,0.0,Unknown,,,,
frame_49.png,49,0.0,0.0,0.0,0.0,Unknown,,,,
frame_50.png,50,0.0,0.0,0.0,0.0,Unknown,,,,
frame_51.png,51,0.0,0.0,0.0,0.0,Unknown,,,,
frame_52.png,52,0.0,0.0,0.0,0.0,Unknown,,,,
frame_53.png,53,0.0,0.0,0.0,0.0,Unknown,,,,
frame_54.png,54,0.0,0.0,0.0,0.0,Unknown,,,,
frame_55.png,55,0.0,0.0,0.0,0.0,Unknown,,,,
frame_56.png,56,0.0,0.0,0.0,0.0,Unknown,,,,
frame_57.png,57,0.0,0.0,0.0,0.0,Unknown,,,,
frame_58.png,58,0.0,0.0,0.0,0.0,Unknown,,,,
frame_59.png,59,0.0,0.0,0.0,0.0,Unknown,,,,
frame_60.png,60,0.0,0.0,0.0,0.0,Unknown,,,,
frame_61.png,61,0.0,0.0,0.0,0.0,Unknown,,,,
frame_62.png,62,0.0,0.0,0.0,0.0,Unknown,,,,
frame_63.png,63,0.0,0.0,0.0,0.0,Unknown,,,,
frame_64.png,64,0.0,0.0,0.0,0.0,Unknown,,,,
frame_65.png,65,0.0,0.0,0.0,0.0,Unknown,,,,
frame_66.png,66,0.0,0.0,0.0,0.0,Unknown,,,,
frame_67.png,67,0.0,0.0,0.0,0.0,Unknown,,,,
frame_68.png,68,0.0,0.0,0.0,0.0,Unknown,,,,
frame_69.png,69,0.0,0.0,0.0,0.0,Unknown,,,,
frame_70.png,70,0.0,0.0,0.0,0.0,Unknown,,,,
frame_71.png,71,0.0,0.0,0.0,0.0,Unknown,,,,
frame_72.png,72,0.0,0.0,0.0,0.0,Unknown,,,,
frame_73.png,73,0.0,0.0,0.0,0.0,Unknown,,,,
frame_74.png,74,0.0,0.0,0.0,0.0,Unknown,,,,
frame_75.png,75,0.0,0.0,0.0,0.0,Unknown,,,,
frame_76.png,76,0.0,0.0,0.0,0.0,Unknown,,,,
frame_77.png,77,0.0,0.0,0.0,0.0,Unknown,,,,
frame_78.png,78,0.0,0.0,0.0,0.0,Unknown,,,,
frame_79.png,79,0.0,0.0,0.0,0.0,Unknown,,,,
frame_80.png,80,0.0,0.0,0.0,0.0,Unknown,,,,
frame_81.png,81,0.0,0.0,0.0,0.0,Unknown,,,,
frame_82.png,82,0.0,0.0,0.0,0.0,Unknown,,,,
frame_83.png,83,0.0,0.0,0.0,0.0,Unknown,,,,
frame_84.png,84,0.0,0.0,0.0,0.0,Unknown,,,,
frame_85.png,85,0.0,0.0,0.0,0.0,Unknown,,,,
frame_86.png,86,0.0,0.0,0.0,0.0,Unknown,,,,
frame_87.png,87,0.0,0.0,0.0,0.0,Unknown,,,,
frame_88.png,88,0.0,0.0,0.0,0.0,Unknown,,,,
frame_89.png,89,0.0,0.0,0.0,0.0,Unknown,,,,
frame_90.png,90,0.0,0.0,0.0,0.0,Unknown,,,,
frame_91.png,91,0.0,0.0,0.0,0.0,Unknown,,,,
frame_92.png,92,0.0,0.0,0.0,0.0,Unknown,,,,
frame_93.png,93,0.0,0.0,0.0,0.0,Unknown,,,,
frame_94.png,94,0.0,0.0,0.0,0.0,Unknown,,,,
frame_95.png,95,0.0,0.0,0.0,0.0,Unknown,,,,
frame_96.png,96,0.0,0.0,0.0,0.0,Unknown,,,,
frame_97.png,97,0.0,0.0,0.0,0.0,Unknown,,,,
frame_98.png,98,0.0,0.0,0.0,0.0,Unknown,,,,
frame_99.png,99,0.0,0.0,0.0,0.0,Unknown,,,,
frame_100.png,100,0.0,0.0,0.0,0.0,Unknown,,,,
frame_101.png,101,0.0,0.0,0.0,0.0,Unknown,,,,
frame_102.png,102,0.0,0.0,0.0,0.0,Unknown,,,,
frame_103.png,103,0.0,0.0,0.0,0.0,Unknown,,,,
frame_104.png,104,0.0,0.0,0.0,0.0,Unknown,,,,
frame_105.png,105,0.0,0.0,0.0,0.0,Unknown,,,,
frame_106.png,106,0.0,0.0,0.0,0.0,Unknown,,,,
frame_107.png,107,0.0,0.0,0.0,0.0,Unknown,,,,
frame_108.png,108,0.0,0.0,0.0,0.0,Unknown,,,,
frame_109.png,109,0.0,0.0,0.0,0.0,Unknown,,,,
frame_110.png,110,330,1231,571,1248,Blinking,,,,
frame_111.png,111,0.0,0.0,0.0,0.0,Unknown,,,,
frame_112.png,112,0.0,0.0,0.0,0.0,Unknown,,,,
frame_113.png,113,0.0,0.0,0.0,0.0,Unknown,,,,
frame_114.png,114,0.0,0.0,0.0,0.0,Unknown,,,,
frame_115.png,115,0.0,0.0,0.0,0.0,Unknown,,,,
frame_116.png,116,0.0,0.0,0.0,0.0,Unknown,,,,
frame_117.png,117,321,1227,570,1248,Blinking,,,,
frame_118.png,118,0.0,0.0,0.0,0.0,Unknown,,,,
frame_119.png,119,0.0,0.0,0.0,0.0,Unknown,,,,
frame_120.png,120,0.0,0.0,0.0,0.0,Unknown,,,,
frame_121.png,121,0.0,0.0,0.0,0.0,Unknown,,,,
frame_122.png,122,0.0,0.0,0.0,0.0,Unknown,,,,
frame_123.png,123,0.0,0.0,0.0,0.0,Unknown,,,,
frame_124.png,124,0.0,0.0,0.0,0.0,Unknown,,,,
frame_125.png,125,0.0,0.0,0.0,0.0,Unknown,,,,
frame_126.png,126,0.0,0.0,0.0,0.0,Unknown,,,,
frame_127.png,127,0.0,0.0,0.0,0.0,Unknown,,,,
frame_128.png,128,0.0,0.0,0.0,0.0,Unknown,,,,
frame_129.png,129,0.0,0.0,0.0,0.0,Unknown,,,,
frame_130.png,130,0.0,0.0,0.0,0.0,Unknown,,,,
frame_131.png,131,0.0,0.0,0.0,0.0,Unknown,,,,
frame_132.png,132,0.0,0.0,0.0,0.0,Unknown,,,,
frame_133.png,133,0.0,0.0,0.0,0.0,Unknown,,,,
frame_134.png,134,0.0,0.0,0.0,0.0,Unknown,,,,
frame_135.png,135,0.0,0.0,0.0,0.0,Unknown,,,,
frame_136.png,136,0.0,0.0,0.0,0.0,Unknown,,,,
frame_137.png,137,0.0,0.0,0.0,0.0,Unknown,,,,
frame_138.png,138,0.0,0.0,0.0,0.0,Unknown,,,,
frame_139.png,139,0.0,0.0,0.0,0.0,Unknown,,,,
frame_140.png,140,0.0,0.0,0.0,0.0,Unknown,,,,
frame_141.png,141,0.0,0.0,0.0,0.0,Unknown,,,,
frame_142.png,142,0.0,0.0,0.0,0.0,Unknown,,,,
frame_143.png,143,0.0,0.0,0.0,0.0,Unknown,,,,
frame_144.png,144,0.0,0.0,0.0,0.0,Unknown,,,,
frame_145.png,145,0.0,0.0,0.0,0.0,Unknown,,,,
frame_146.png,146,0.0,0.0,0.0,0.0,Unknown,,,,
frame_147.png,147,0.0,0.0,0.0,0.0,Unknown,,,,
frame_148.png,148,0.0,0.0,0.0,0.0,Unknown,,,,
frame_149.png,149,0.0,0.0,0.0,0.0,Unknown,,,,
frame_150.png,150,0.0,0.0,0.0,0.0,Unknown,,,,
frame_151.png,151,0.0,0.0,0.0,0.0,Unknown,,,,
frame_152.png,152,0.0,0.0,0.0,0.0,Unknown,,,,
frame_153.png,153,0.0,0.0,0.0,0.0,Unknown,,,,
frame_154.png,154,0.0,0.0,0.0,0.0,Unknown,,,,
frame_155.png,155,0.0,0.0,0.0,0.0,Unknown,,,,
frame_156.png,156,0.0,0.0,0.0,0.0,Unknown,,,,
frame_157.png,157,0.0,0.0,0.0,0.0,Unknown,,,,
frame_158.png,158,0.0,0.0,0.0,0.0,Unknown,,,,
frame_159.png,159,0.0,0.0,0.0,0.0,Unknown,,,,
frame_160.png,160,0.0,0.0,0.0,0.0,Unknown,,,,
frame_161.png,161,0.0,0.0,0.0,0.0,Unknown,,,,
frame_162.png,162,0.0,0.0,0.0,0.0,Unknown,,,,
frame_163.png,163,0.0,0.0,0.0,0.0,Unknown,,,,
frame_164.png,164,0.0,0.0,0.0,0.0,Unknown,,,,
frame_165.png,165,0.0,0.0,0.0,0.0,Unknown,,,,
frame_166.png,166,0.0,0.0,0.0,0.0,Unknown,,,,
frame_167.png,167,0.0,0.0,0.0,0.0,Unknown,,,,
frame_168.png,168,0.0,0.0,0.0,0.0,Unknown,,,,
frame_169.png,169,0.0,0.0,0.0,0.0,Unknown,,,,
frame_170.png,170,0.0,0.0,0.0,0.0,Unknown,,,,
frame_171.png,171,0.0,0.0,0.0,0.0,Unknown,,,,
frame_172.png,172,0.0,0.0,0.0,0.0,Unknown,,,,
frame_173.png,173,0.0,0.0,0.0,0.0,Unknown,,,,
frame_174.png,174,0.0,0.0,0.0,0.0,Unknown,,,,
frame_175.png,175,0.0,0.0,0.0,0.0,Unknown,,,,
frame_176.png,176,0.0,0.0,0.0,0.0,Unknown,,,,
frame_177.png,177,0.0,0.0,0.0,0.0,Unknown,,,,
frame_178.png,178,0.0,0.0,0.0,0.0,Unknown,,,,
frame_179.png,179,0.0,0.0,0.0,0.0,Unknown,,,,
frame_180.png,180,0.0,0.0,0.0,0.0,Unknown,,,,
frame_181.png,181,0.0,0.0,0.0,0.0,Unknown,,,,
frame_182.png,182,0.0,0.0,0.0,0.0,Unknown,,,,
frame_183.png,183,0.0,0.0,0.0,0.0,Unknown,,,,
frame_184.png,184,0.0,0.0,0.0,0.0,Unknown,,,,
frame_185.png,185,0.0,0.0,0.0,0.0,Unknown,,,,
frame_186.png,186,0.0,0.0,0.0,0.0,Unknown,,,,
frame_187.png,187,0.0,0.0,0.0,0.0,Unknown,,,,
frame_188.png,188,0.0,0.0,0.0,0.0,Unknown,,,,
frame_189.png,189,0.0,0.0,0.0,0.0,Unknown,,,,
frame_190.png,190,0.0,0.0,0.0,0.0,Unknown,,,,
frame_191.png,191,0.0,0.0,0.0,0.0,Unknown,,,,
frame_192.png,192,0.0,0.0,0.0,0.0,Unknown,,,,
frame_193.png,193,0.0,0.0,0.0,0.0,Unknown,,,,
frame_194.png,194,0.0,0.0,0.0,0.0,Unknown,,,,
frame_195.png,195,0.0,0.0,0.0,0.0,Unknown,,,,
frame_196.png,196,0.0,0.0,0.0,0.0,Unknown,,,,
frame_197.png,197,0.0,0.0,0.0,0.0,Unknown,,,,
frame_198.png,198,0.0,0.0,0.0,0.0,Unknown,,,,
frame_199.png,199,0.0,0.0,0.0,0.0,Unknown,,,,
frame_200.png,200,0.0,0.0,0.0,0.0,Unknown,,,,
frame_201.png,201,0.0,0.0,0.0,0.0,Unknown,,,,
frame_202.png,202,0.0,0.0,0.0,0.0,Unknown,,,,
frame_203.png,203,0.0,0.0,0.0,0.0,Unknown,,,,
frame_204.png,204,0.0,0.0,0.0,0.0,Unknown,,,,
frame_205.png,205,0.0,0.0,0.0,0.0,Unknown,,,,
frame_206.png,206,0.0,0.0,0.0,0.0,Unknown,,,,
frame_207.png,207,0.0,0.0,0.0,0.0,Unknown,,,,
frame_208.png,208,0.0,0.0,0.0,0.0,Unknown,,,,
frame_209.png,209,0.0,0.0,0.0,0.0,Unknown,,,,
frame_210.png,210,0.0,0.0,0.0,0.0,Unknown,,,,
frame_211.png,211,0.0,0.0,0.0,0.0,Unknown,,,,
frame_212.png,212,0.0,0.0,0.0,0.0,Unknown,,,,
frame_213.png,213,0.0,0.0,0.0,0.0,Unknown,,,,
frame_214.png,214,0.0,0.0,0.0,0.0,Unknown,,,,
frame_215.png,215,350,1176,607,1207,Blinking,,,,
frame_216.png,216,350,1174,607,1205,Blinking,,,,
frame_217.png,217,0.0,0.0,0.0,0.0,Unknown,,,,
frame_218.png,218,0.0,0.0,0.0,0.0,Unknown,,,,
frame_219.png,219,0.0,0.0,0.0,0.0,Unknown,,,,
frame_220.png,220,0.0,0.0,0.0,0.0,Unknown,,,,
frame_221.png,221,0.0,0.0,0.0,0.0,Unknown,,,,
frame_222.png,222,0.0,0.0,0.0,0.0,Unknown,,,,
frame_223.png,223,0.0,0.0,0.0,0.0,Unknown,,,,
frame_224.png,224,0.0,0.0,0.0,0.0,Unknown,,,,
frame_225.png,225,0.0,0.0,0.0,0.0,Unknown,,,,
frame_226.png,226,0.0,0.0,0.0,0.0,Unknown,,,,
frame_227.png,227,0.0,0.0,0.0,0.0,Unknown,,,,
frame_228.png,228,0.0,0.0,0.0,0.0,Unknown,,,,
frame_229.png,229,0.0,0.0,0.0,0.0,Unknown,,,,
frame_230.png,230,0.0,0.0,0.0,0.0,Unknown,,,,
frame_231.png,231,0.0,0.0,0.0,0.0,Unknown,,,,
frame_232.png,232,0.0,0.0,0.0,0.0,Unknown,,,,
frame_233.png,233,0.0,0.0,0.0,0.0,Unknown,,,,
frame_234.png,234,0.0,0.0,0.0,0.0,Unknown,,,,
frame_235.png,235,0.0,0.0,0.0,0.0,Unknown,,,,
frame_236.png,236,0.0,0.0,0.0,0.0,Unknown,,,,
frame_237.png,237,0.0,0.0,0.0,0.0,Unknown,,,,
frame_238.png,238,0.0,0.0,0.0,0.0,Unknown,,,,
frame_239.png,239,0.0,0.0,0.0,0.0,Unknown,,,,
frame_240.png,240,0.0,0.0,0.0,0.0,Unknown,,,,
frame_241.png,241,0.0,0.0,0.0,0.0,Unknown,,,,
frame_242.png,242,0.0,0.0,0.0,0.0,Unknown,,,,
frame_243.png,243,0.0,0.0,0.0,0.0,Unknown,,,,
frame_244.png,244,0.0,0.0,0.0,0.0,Unknown,,,,
frame_245.png,245,0.0,0.0,0.0,0.0,Unknown,,,,
frame_246.png,246,0.0,0.0,0.0,0.0,Unknown,,,,
frame_247.png,247,0.0,0.0,0.0,0.0,Unknown,,,,
frame_248.png,248,0.0,0.0,0.0,0.0,Unknown,,,,
frame_249.png,249,0.0,0.0,0.0,0.0,Unknown,,,,
frame_250.png,250,0.0,0.0,0.0,0.0,Unknown,,,,
frame_251.png,251,0.0,0.0,0.0,0.0,Unknown,,,,
frame_252.png,252,0.0,0.0,0.0,0.0,Unknown,,,,
frame_253.png,253,0.0,0.0,0.0,0.0,Unknown,,,,
frame_254.png,254,0.0,0.0,0.0,0.0,Unknown,,,,
frame_255.png,255,0.0,0.0,0.0,0.0,Unknown,,,,
frame_256.png,256,0.0,0.0,0.0,0.0,Unknown,,,,
frame_257.png,257,0.0,0.0,0.0,0.0,Unknown,,,,
frame_258.png,258,0.0,0.0,0.0,0.0,Unknown,,,,
frame_259.png,259,0.0,0.0,0.0,0.0,Unknown,,,,
frame_260.png,260,0.0,0.0,0.0,0.0,Unknown,,,,
frame_261.png,261,0.0,0.0,0.0,0.0,Unknown,,,,
frame_262.png,262,0.0,0.0,0.0,0.0,Unknown,,,,
frame_263.png,263,0.0,0.0,0.0,0.0,Unknown,,,,
frame_264.png,264,0.0,0.0,0.0,0.0,Unknown,,,,
frame_265.png,265,0.0,0.0,0.0,0.0,Unknown,,,,
frame_266.png,266,0.0,0.0,0.0,0.0,Unknown,,,,
frame_267.png,267,0.0,0.0,0.0,0.0,Unknown,,,,
frame_268.png,268,0.0,0.0,0.0,0.0,Unknown,,,,
frame_269.png,269,0.0,0.0,0.0,0.0,Unknown,,,,
frame_270.png,270,0.0,0.0,0.0,0.0,Unknown,,,,
frame_271.png,271,0.0,0.0,0.0,0.0,Unknown,,,,
frame_272.png,272,0.0,0.0,0.0,0.0,Unknown,,,,
frame_273.png,273,0.0,0.0,0.0,0.0,Unknown,,,,
frame_274.png,274,0.0,0.0,0.0,0.0,Unknown,,,,
frame_275.png,275,0.0,0.0,0.0,0.0,Unknown,,,,
frame_276.png,276,0.0,0.0,0.0,0.0,Unknown,,,,
frame_277.png,277,0.0,0.0,0.0,0.0,Unknown,,,,
frame_278.png,278,0.0,0.0,0.0,0.0,Unknown,,,,
frame_279.png,279,0.0,0.0,0.0,0.0,Unknown,,,,
frame_280.png,280,0.0,0.0,0.0,0.0,Unknown,,,,
frame_281.png,281,0.0,0.0,0.0,0.0,Unknown,,,,
frame_282.png,282,0.0,0.0,0.0,0.0,Unknown,,,,
frame_283.png,283,0.0,0.0,0.0,0.0,Unknown,,,,
frame_284.png,284,0.0,0.0,0.0,0.0,Unknown,,,,
frame_285.png,285,0.0,0.0,0.0,0.0,Unknown,,,,
frame_286.png,286,0.0,0.0,0.0,0.0,Unknown,,,,
frame_287.png,287,0.0,0.0,0.0,0.0,Unknown,,,,
frame_288.png,288,0.0,0.0,0.0,0.0,Unknown,,,,
frame_289.png,289,0.0,0.0,0.0,0.0,Unknown,,,,
frame_290.png,290,0.0,0.0,0.0,0.0,Unknown,,,,
frame_291.png,291,0.0,0.0,0.0,0.0,Unknown,,,,
frame_292.png,292,0.0,0.0,0.0,0.0,Unknown,,,,
frame_293.png,293,0.0,0.0,0.0,0.0,Unknown,,,,
frame_294.png,294,0.0,0.0,0.0,0.0,Unknown,,,,
frame_295.png,295,0.0,0.0,0.0,0.0,Unknown,,,,
frame_296.png,296,0.0,0.0,0.0,0.0,Unknown,,,,
frame_297.png,297,0.0,0.0,0.0,0.0,Unknown,,,,
frame_298.png,298,0.0,0.0,0.0,0.0,Unknown,,,,
frame_299.png,299,0.0,0.0,0.0,0.0,Unknown,,,,
frame_300.png,300,0.0,0.0,0.0,0.0,Unknown,,,,
frame_301.png,301,0.0,0.0,0.0,0.0,Unknown,,,,
frame_302.png,302,0.0,0.0,0.0,0.0,Unknown,,,,
frame_303.png,303,0.0,0.0,0.0,0.0,Unknown,,,,
frame_304.png,304,0.0,0.0,0.0,0.0,Unknown,,,,
frame_305.png,305,0.0,0.0,0.0,0.0,Unknown,,,,
frame_306.png,306,0.0,0.0,0.0,0.0,Unknown,,,,
frame_307.png,307,0.0,0.0,0.0,0.0,Unknown,,,,
frame_308.png,308,0.0,0.0,0.0,0.0,Unknown,,,,
frame_309.png,309,0.0,0.0,0.0,0.0,Unknown,,,,
frame_310.png,310,0.0,0.0,0.0,0.0,Unknown,,,,
frame_311.png,311,0.0,0.0,0.0,0.0,Unknown,,,,
frame_312.png,312,0.0,0.0,0.0,0.0,Unknown,,,,
frame_313.png,313,0.0,0.0,0.0,0.0,Unknown,,,,
frame_314.png,314,0.0,0.0,0.0,0.0,Unknown,,,,
frame_315.png,315,0.0,0.0,0.0,0.0,Unknown,,,,
frame_316.png,316,0.0,0.0,0.0,0.0,Unknown,,,,
frame_317.png,317,0.0,0.0,0.0,0.0,Unknown,,,,
frame_318.png,318,0.0,0.0,0.0,0.0,Unknown,,,,
frame_319.png,319,0.0,0.0,0.0,0.0,Unknown,,,,
frame_320.png,320,0.0,0.0,0.0,0.0,Unknown,,,,
frame_321.png,321,0.0,0.0,0.0,0.0,Unknown,,,,
frame_322.png,322,0.0,0.0,0.0,0.0,Unknown,,,,
frame_323.png,323,0.0,0.0,0.0,0.0,Unknown,,,,
frame_324.png,324,0.0,0.0,0.0,0.0,Unknown,,,,
frame_325.png,325,0.0,0.0,0.0,0.0,Unknown,,,,
frame_326.png,326,0.0,0.0,0.0,0.0,Unknown,,,,
frame_327.png,327,0.0,0.0,0.0,0.0,Unknown,,,,
frame_328.png,328,0.0,0.0,0.0,0.0,Unknown,,,,
frame_329.png,329,0.0,0.0,0.0,0.0,Unknown,,,,
frame_330.png,330,0.0,0.0,0.0,0.0,Unknown,,,,
frame_331.png,331,0.0,0.0,0.0,0.0,Unknown,,,,
frame_332.png,332,0.0,0.0,0.0,0.0,Unknown,,,,
frame_333.png,333,0.0,0.0,0.0,0.0,Unknown,,,,
frame_334.png,334,0.0,0.0,0.0,0.0,Unknown,,,,
frame_335.png,335,0.0,0.0,0.0,0.0,Unknown,,,,
frame_336.png,336,0.0,0.0,0.0,0.0,Unknown,,,,
frame_337.png,337,0.0,0.0,0.0,0.0,Unknown,,,,
frame_338.png,338,0.0,0.0,0.0,0.0,Unknown,,,,
frame_339.png,339,0.0,0.0,0.0,0.0,Unknown,,,,
frame_340.png,340,0.0,0.0,0.0,0.0,Unknown,,,,
frame_341.png,341,0.0,0.0,0.0,0.0,Unknown,,,,
frame_342.png,342,0.0,0.0,0.0,0.0,Unknown,,,,
frame_343.png,343,0.0,0.0,0.0,0.0,Unknown,,,,
frame_344.png,344,0.0,0.0,0.0,0.0,Unknown,,,,
frame_345.png,345,0.0,0.0,0.0,0.0,Unknown,,,,
frame_346.png,346,0.0,0.0,0.0,0.0,Unknown,,,,
frame_347.png,347,0.0,0.0,0.0,0.0,Unknown,,,,
frame_348.png,348,0.0,0.0,0.0,0.0,Unknown,,,,
frame_349.png,349,0.0,0.0,0.0,0.0,Unknown,,,,
frame_350.png,350,0.0,0.0,0.0,0.0,Unknown,,,,
frame_351.png,351,0.0,0.0,0.0,0.0,Unknown,,,,
frame_352.png,352,0.0,0.0,0.0,0.0,Unknown,,,,
frame_353.png,353,0.0,0.0,0.0,0.0,Unknown,,,,
frame_354.png,354,0.0,0.0,0.0,0.0,Unknown,,,,
frame_355.png,355,0.0,0.0,0.0,0.0,Unknown,,,,
frame_356.png,356,0.0,0.0,0.0,0.0,Unknown,,,,
frame_357.png,357,0.0,0.0,0.0,0.0,Unknown,,,,
frame_358.png,358,0.0,0.0,0.0,0.0,Unknown,,,,
frame_359.png,359,0.0,0.0,0.0,0.0,Unknown,,,,
frame_360.png,360,0.0,0.0,0.0,0.0,Unknown,,,,
frame_361.png,361,0.0,0.0,0.0,0.0,Unknown,,,,
frame_362.png,362,0.0,0.0,0.0,0.0,Unknown,,,,
frame_363.png,363,0.0,0.0,0.0,0.0,Unknown,,,,
frame_364.png,364,0.0,0.0,0.0,0.0,Unknown,,,,
frame_365.png,365,0.0,0.0,0.0,0.0,Unknown,,,,
frame_366.png,366,0.0,0.0,0.0,0.0,Unknown,,,,
frame_367.png,367,0.0,0.0,0.0,0.0,Unknown,,,,
frame_368.png,368,0.0,0.0,0.0,0.0,Unknown,,,,
frame_369.png,369,0.0,0.0,0.0,0.0,Unknown,,,,
frame_370.png,370,0.0,0.0,0.0,0.0,Unknown,,,,
frame_371.png,371,0.0,0.0,0.0,0.0,Unknown,,,,
frame_372.png,372,0.0,0.0,0.0,0.0,Unknown,,,,
frame_373.png,373,0.0,0.0,0.0,0.0,Unknown,,,,
frame_374.png,374,0.0,0.0,0.0,0.0,Unknown,,,,
frame_375.png,375,0.0,0.0,0.0,0.0,Unknown,,,,
frame_376.png,376,0.0,0.0,0.0,0.0,Unknown,,,,
frame_377.png,377,0.0,0.0,0.0,0.0,Unknown,,,,
frame_378.png,378,0.0,0.0,0.0,0.0,Unknown,,,,
frame_379.png,379,0.0,0.0,0.0,0.0,Unknown,,,,
frame_380.png,380,0.0,0.0,0.0,0.0,Unknown,,,,
frame_381.png,381,0.0,0.0,0.0,0.0,Unknown,,,,
frame_382.png,382,0.0,0.0,0.0,0.0,Unknown,,,,
frame_383.png,383,0.0,0.0,0.0,0.0,Unknown,,,,
frame_384.png,384,0.0,0.0,0.0,0.0,Unknown,,,,
frame_385.png,385,0.0,0.0,0.0,0.0,Unknown,,,,
frame_386.png,386,0.0,0.0,0.0,0.0,Unknown,,,,
frame_387.png,387,0.0,0.0,0.0,0.0,Unknown,,,,
frame_388.png,388,0.0,0.0,0.0,0.0,Unknown,,,,
frame_389.png,389,0.0,0.0,0.0,0.0,Unknown,,,,
frame_390.png,390,0.0,0.0,0.0,0.0,Unknown,,,,
frame_391.png,391,0.0,0.0,0.0,0.0,Unknown,,,,
frame_392.png,392,0.0,0.0,0.0,0.0,Unknown,,,,
frame_393.png,393,0.0,0.0,0.0,0.0,Unknown,,,,
frame_394.png,394,0.0,0.0,0.0,0.0,Unknown,,,,
frame_395.png,395,0.0,0.0,0.0,0.0,Unknown,,,,
frame_396.png,396,0.0,0.0,0.0,0.0,Unknown,,,,
frame_397.png,397,0.0,0.0,0.0,0.0,Unknown,,,,
frame_398.png,398,0.0,0.0,0.0,0.0,Unknown,,,,
frame_399.png,399,0.0,0.0,0.0,0.0,Unknown,,,,
frame_400.png,400,0.0,0.0,0.0,0.0,Unknown,,,,
frame_401.png,401,0.0,0.0,0.0,0.0,Unknown,,,,
frame_402.png,402,0.0,0.0,0.0,0.0,Unknown,,,,
frame_403.png,403,0.0,0.0,0.0,0.0,Unknown,,,,
frame_404.png,404,0.0,0.0,0.0,0.0,Unknown,,,,
frame_405.png,405,0.0,0.0,0.0,0.0,Unknown,,,,
frame_406.png,406,0.0,0.0,0.0,0.0,Unknown,,,,
frame_407.png,407,0.0,0.0,0.0,0.0,Unknown,,,,
frame_408.png,408,0.0,0.0,0.0,0.0,Unknown,,,,
frame_409.png,409,0.0,0.0,0.0,0.0,Unknown,,,,
frame_410.png,410,0.0,0.0,0.0,0.0,Unknown,,,,
frame_411.png,411,0.0,0.0,0.0,0.0,Unknown,,,,
frame_412.png,412,0.0,0.0,0.0,0.0,Unknown,,,,
frame_413.png,413,0.0,0.0,0.0,0.0,Unknown,,,,
frame_414.png,414,0.0,0.0,0.0,0.0,Unknown,,,,
frame_415.png,415,0.0,0.0,0.0,0.0,Unknown,,,,
frame_416.png,416,0.0,0.0,0.0,0.0,Unknown,,,,
frame_417.png,417,0.0,0.0,0.0,0.0,Unknown,,,,
frame_418.png,418,0.0,0.0,0.0,0.0,Unknown,,,,
frame_419.png,419,0.0,0.0,0.0,0.0,Unknown,,,,
frame_420.png,420,0.0,0.0,0.0,0.0,Unknown,,,,
frame_421.png,421,0.0,0.0,0.0,0.0,Unknown,,,,
frame_422.png,422,0.0,0.0,0.0,0.0,Unknown,,,,
frame_423.png,423,0.0,0.0,0.0,0.0,Unknown,,,,
frame_424.png,424,0.0,0.0,0.0,0.0,Unknown,,,,
frame_425.png,425,0.0,0.0,0.0,0.0,Unknown,,,,
frame_426.png,426,0.0,0.0,0.0,0.0,Unknown,,,,
frame_427.png,427,0.0,0.0,0.0,0.0,Unknown,,,,
frame_428.png,428,0.0,0.0,0.0,0.0,Unknown,,,,
frame_429.png,429,0.0,0.0,0.0,0.0,Unknown,,,,
frame_430.png,430,0.0,0.0,0.0,0.0,Unknown,,,,
frame_431.png,431,0.0,0.0,0.0,0.0,Unknown,,,,
frame_432.png,432,0.0,0.0,0.0,0.0,Unknown,,,,
frame_433.png,433,0.0,0.0,0.0,0.0,Unknown,,,,
frame_434.png,434,0.0,0.0,0.0,0.0,Unknown,,,,
frame_435.png,435,0.0,0.0,0.0,0.0,Unknown,,,,
frame_436.png,436,0.0,0.0,0.0,0.0,Unknown,,,,
frame_437.png,437,0.0,0.0,0.0,0.0,Unknown,,,,
frame_438.png,438,0.0,0.0,0.0,0.0,Unknown,,,,
frame_439.png,439,0.0,0.0,0.0,0.0,Unknown,,,,
frame_440.png,440,0.0,0.0,0.0,0.0,Unknown,,,,
frame_441.png,441,0.0,0.0,0.0,0.0,Unknown,,,,
frame_442.png,442,0.0,0.0,0.0,0.0,Unknown,,,,
frame_443.png,443,0.0,0.0,0.0,0.0,Unknown,,,,
frame_444.png,444,0.0,0.0,0.0,0.0,Unknown,,,,
frame_445.png,445,0.0,0.0,0.0,0.0,Unknown,,,,
frame_446.png,446,0.0,0.0,0.0,0.0,Unknown,,,,
frame_447.png,447,0.0,0.0,0.0,0.0,Unknown,,,,
frame_448.png,448,0.0,0.0,0.0,0.0,Unknown,,,,
frame_449.png,449,0.0,0.0,0.0,0.0,Unknown,,,,
frame_450.png,450,0.0,0.0,0.0,0.0,Unknown,,,,
frame_451.png,451,0.0,0.0,0.0,0.0,Unknown,,,,
frame_452.png,452,0.0,0.0,0.0,0.0,Unknown,,,,
frame_453.png,453,0.0,0.0,0.0,0.0,Unknown,,,,
frame_454.png,454,0.0,0.0,0.0,0.0,Unknown,,,,
frame_455.png,455,0.0,0.0,0.0,0.0,Unknown,,,,
frame_456.png,456,0.0,0.0,0.0,0.0,Unknown,,,,
frame_457.png,457,0.0,0.0,0.0,0.0,Unknown,,,,
frame_458.png,458,0.0,0.0,0.0,0.0,Unknown,,,,
frame_459.png,459,0.0,0.0,0.0,0.0,Unknown,,,,
frame_460.png,460,0.0,0.0,0.0,0.0,Unknown,,,,
frame_461.png,461,0.0,0.0,0.0,0.0,Unknown,,,,
frame_462.png,462,0.0,0.0,0.0,0.0,Unknown,,,,
frame_463.png,463,0.0,0.0,0.0,0.0,Unknown,,,,
frame_464.png,464,0.0,0.0,0.0,0.0,Unknown,,,,
frame_465.png,465,0.0,0.0,0.0,0.0,Unknown,,,,
frame_466.png,466,0.0,0.0,0.0,0.0,Unknown,,,,
frame_467.png,467,0.0,0.0,0.0,0.0,Unknown,,,,
frame_468.png,468,0.0,0.0,0.0,0.0,Unknown,,,,
frame_469.png,469,0.0,0.0,0.0,0.0,Unknown,,,,
frame_470.png,470,0.0,0.0,0.0,0.0,Unknown,,,,
frame_471.png,471,0.0,0.0,0.0,0.0,Unknown,,,,
frame_472.png,472,0.0,0.0,0.0,0.0,Unknown,,,,
frame_473.png,473,0.0,0.0,0.0,0.0,Unknown,,,,
frame_474.png,474,0.0,0.0,0.0,0.0,Unknown,,,,
frame_475.png,475,0.0,0.0,0.0,0.0,Unknown,,,,
frame_476.png,476,0.0,0.0,0.0,0.0,Unknown,,,,
frame_477.png,477,0.0,0.0,0.0,0.0,Unknown,,,,
frame_478.png,478,0.0,0.0,0.0,0.0,Unknown,,,,
frame_479.png,479,0.0,0.0,0.0,0.0,Unknown,,,,
frame_480.png,480,0.0,0.0,0.0,0.0,Unknown,,,,
frame_481.png,481,0.0,0.0,0.0,0.0,Unknown,,,,
frame_482.png,482,0.0,0.0,0.0,0.0,Unknown,,,,
frame_483.png,483,0.0,0.0,0.0,0.0,Unknown,,,,
frame_484.png,484,0.0,0.0,0.0,0.0,Unknown,,,,
frame_485.png,485,0.0,0.0,0.0,0.0,Unknown,,,,
frame_486.png,486,0.0,0.0,0.0,0.0,Unknown,,,,
frame_487.png,487,0.0,0.0,0.0,0.0,Unknown,,,,
frame_488.png,488,0.0,0.0,0.0,0.0,Unknown,,,,
frame_489.png,489,0.0,0.0,0.0,0.0,Unknown,,,,
frame_490.png,490,0.0,0.0,0.0,0.0,Unknown,,,,
frame_491.png,491,0.0,0.0,0.0,0.0,Unknown,,,,
frame_492.png,492,0.0,0.0,0.0,0.0,Unknown,,,,
frame_493.png,493,0.0,0.0,0.0,0.0,Unknown,,,,
frame_494.png,494,0.0,0.0,0.0,0.0,Unknown,,,,
frame_495.png,495,0.0,0.0,0.0,0.0,Unknown,,,,
frame_496.png,496,0.0,0.0,0.0,0.0,Unknown,,,,
frame_497.png,497,0.0,0.0,0.0,0.0,Unknown,,,,
frame_498.png,498,0.0,0.0,0.0,0.0,Unknown,,,,
frame_499.png,499,0.0,0.0,0.0,0.0,Unknown,,,,
frame_500.png,500,0.0,0.0,0.0,0.0,Unknown,,,,
frame_501.png,501,0.0,0.0,0.0,0.0,Unknown,,,,
frame_502.png,502,0.0,0.0,0.0,0.0,Unknown,,,,
frame_503.png,503,0.0,0.0,0.0,0.0,Unknown,,,,
frame_504.png,504,0.0,0.0,0.0,0.0,Unknown,,,,
frame_505.png,505,0.0,0.0,0.0,0.0,Unknown,,,,
frame_506.png,506,0.0,0.0,0.0,0.0,Unknown,,,,
frame_507.png,507,0.0,0.0,0.0,0.0,Unknown,,,,
frame_508.png,508,0.0,0.0,0.0,0.0,Unknown,,,,
frame_509.png,509,0.0,0.0,0.0,0.0,Unknown,,,,
frame_510.png,510,0.0,0.0,0.0,0.0,Unknown,,,,
frame_511.png,511,0.0,0.0,0.0,0.0,Unknown,,,,
frame_512.png,512,0.0,0.0,0.0,0.0,Unknown,,,,
frame_513.png,513,0.0,0.0,0.0,0.0,Unknown,,,,
frame_514.png,514,0.0,0.0,0.0,0.0,Unknown,,,,
frame_515.png,515,0.0,0.0,0.0,0.0,Unknown,,,,
frame_516.png,516,0.0,0.0,0.0,0.0,Unknown,,,,
frame_517.png,517,0.0,0.0,0.0,0.0,Unknown,,,,
frame_518.png,518,0.0,0.0,0.0,0.0,Unknown,,,,
frame_519.png,519,0.0,0.0,0.0,0.0,Unknown,,,,
frame_520.png,520,0.0,0.0,0.0,0.0,Unknown,,,,
frame_521.png,521,0.0,0.0,0.0,0.0,Unknown,,,,
frame_522.png,522,0.0,0.0,0.0,0.0,Unknown,,,,
frame_523.png,523,0.0,0.0,0.0,0.0,Unknown,,,,
frame_524.png,524,0.0,0.0,0.0,0.0,Unknown,,,,
frame_525.png,525,0.0,0.0,0.0,0.0,Unknown,,,,
frame_526.png,526,0.0,0.0,0.0,0.0,Unknown,,,,
frame_527.png,527,0.0,0.0,0.0,0.0,Unknown,,,,
frame_528.png,528,0.0,0.0,0.0,0.0,Unknown,,,,
frame_529.png,529,0.0,0.0,0.0,0.0,Unknown,,,,
frame_530.png,530,0.0,0.0,0.0,0.0,Unknown,,,,
frame_531.png,531,0.0,0.0,0.0,0.0,Unknown,,,,
frame_532.png,532,0.0,0.0,0.0,0.0,Unknown,,,,
frame_533.png,533,0.0,0.0,0.0,0.0,Unknown,,,,
frame_534.png,534,0.0,0.0,0.0,0.0,Unknown,,,,
frame_535.png,535,0.0,0.0,0.0,0.0,Unknown,,,,
frame_536.png,536,0.0,0.0,0.0,0.0,Unknown,,,,
frame_537.png,537,0.0,0.0,0.0,0.0,Unknown,,,,
frame_538.png,538,0.0,0.0,0.0,0.0,Unknown,,,,
frame_539.png,539,0.0,0.0,0.0,0.0,Unknown,,,,
frame_540.png,540,0.0,0.0,0.0,0.0,Unknown,,,,
frame_541.png,541,0.0,0.0,0.0,0.0,Unknown,,,,
frame_542.png,542,0.0,0.0,0.0,0.0,Unknown,,,,
frame_543.png,543,0.0,0.0,0.0,0.0,Unknown,,,,
frame_544.png,544,0.0,0.0,0.0,0.0,Unknown,,,,
frame_545.png,545,0.0,0.0,0.0,0.0,Unknown,,,,
frame_546.png,546,0.0,0.0,0.0,0.0,Unknown,,,,
frame_547.png,547,0.0,0.0,0.0,0.0,Unknown,,,,
frame_548.png,548,0.0,0.0,0.0,0.0,Unknown,,,,
frame_549.png,549,0.0,0.0,0.0,0.0,Unknown,,,,
frame_550.png,550,0.0,0.0,0.0,0.0,Unknown,,,,
frame_551.png,551,0.0,0.0,0.0,0.0,Unknown,,,,
frame_552.png,552,0.0,0.0,0.0,0.0,Unknown,,,,
frame_553.png,553,0.0,0.0,0.0,0.0,Unknown,,,,
frame_554.png,554,0.0,0.0,0.0,0.0,Unknown,,,,
frame_555.png,555,0.0,0.0,0.0,0.0,Unknown,,,,
frame_556.png,556,0.0,0.0,0.0,0.0,Unknown,,,,
frame_557.png,557,0.0,0.0,0.0,0.0,Unknown,,,,
frame_558.png,558,0.0,0.0,0.0,0.0,Unknown,,,,
frame_559.png,559,0.0,0.0,0.0,0.0,Unknown,,,,
frame_560.png,560,0.0,0.0,0.0,0.0,Unknown,,,,
frame_561.png,561,0.0,0.0,0.0,0.0,Unknown,,,,
frame_562.png,562,0.0,0.0,0.0,0.0,Unknown,,,,
frame_563.png,563,0.0,0.0,0.0,0.0,Unknown,,,,
frame_564.png,564,0.0,0.0,0.0,0.0,Unknown,,,,
frame_565.png,565,0.0,0.0,0.0,0.0,Unknown,,,,
frame_566.png,566,0.0,0.0,0.0,0.0,Unknown,,,,
frame_567.png,567,0.0,0.0,0.0,0.0,Unknown,,,,
frame_568.png,568,0.0,0.0,0.0,0.0,Unknown,,,,
frame_569.png,569,0.0,0.0,0.0,0.0,Unknown,,,,
frame_570.png,570,0.0,0.0,0.0,0.0,Unknown,,,,
frame_571.png,571,0.0,0.0,0.0,0.0,Unknown,,,,
frame_572.png,572,0.0,0.0,0.0,0.0,Unknown,,,,
frame_573.png,573,0.0,0.0,0.0,0.0,Unknown,,,,
frame_574.png,574,0.0,0.0,0.0,0.0,Unknown,,,,
frame_575.png,575,0.0,0.0,0.0,0.0,Unknown,,,,
frame_576.png,576,0.0,0.0,0.0,0.0,Unknown,,,,
frame_577.png,577,0.0,0.0,0.0,0.0,Unknown,,,,
frame_578.png,578,0.0,0.0,0.0,0.0,Unknown,,,,
frame_579.png,579,0.0,0.0,0.0,0.0,Unknown,,,,
frame_580.png,580,0.0,0.0,0.0,0.0,Unknown,,,,
frame_581.png,581,0.0,0.0,0.0,0.0,Unknown,,,,
frame_582.png,582,0.0,0.0,0.0,0.0,Unknown,,,,
frame_583.png,583,0.0,0.0,0.0,0.0,Unknown,,,,
frame_584.png,584,0.0,0.0,0.0,0.0,Unknown,,,,
frame_585.png,585,0.0,0.0,0.0,0.0,Unknown,,,,
frame_586.png,586,0.0,0.0,0.0,0.0,Unknown,,,,
frame_587.png,587,0.0,0.0,0.0,0.0,Unknown,,,,
frame_588.png,588,0.0,0.0,0.0,0.0,Unknown,,,,
frame_589.png,589,0.0,0.0,0.0,0.0,Unknown,,,,
frame_590.png,590,0.0,0.0,0.0,0.0,Unknown,,,,
frame_591.png,591,0.0,0.0,0.0,0.0,Unknown,,,,
frame_592.png,592,0.0,0.0,0.0,0.0,Unknown,,,,
frame_593.png,593,0.0,0.0,0.0,0.0,Unknown,,,,
frame_594.png,594,0.0,0.0,0.0,0.0,Unknown,,,,
frame_595.png,595,0.0,0.0,0.0,0.0,Unknown,,,,
frame_596.png,596,0.0,0.0,0.0,0.0,Unknown,,,,
frame_597.png,597,0.0,0.0,0.0,0.0,Unknown,,,,
frame_598.png,598,0.0,0.0,0.0,0.0,Unknown,,,,
frame_599.png,599,0.0,0.0,0.0,0.0,Unknown,,,,
frame_600.png,600,0.0,0.0,0.0,0.0,Unknown,,,,
frame_601.png,601,0.0,0.0,0.0,0.0,Unknown,,,,
frame_602.png,602,0.0,0.0,0.0,0.0,Unknown,,,,
frame_603.png,603,0.0,0.0,0.0,0.0,Unknown,,,,
frame_604.png,604,0.0,0.0,0.0,0.0,Unknown,,,,
frame_605.png,605,0.0,0.0,0.0,0.0,Unknown,,,,
frame_606.png,606,0.0,0.0,0.0,0.0,Unknown,,,,
frame_607.png,607,0.0,0.0,0.0,0.0,Unknown,,,,
frame_608.png,608,0.0,0.0,0.0,0.0,Unknown,,,,
frame_609.png,609,0.0,0.0,0.0,0.0,Unknown,,,,
frame_610.png,610,0.0,0.0,0.0,0.0,Unknown,,,,
frame_611.png,611,0.0,0.0,0.0,0.0,Unknown,,,,
frame_612.png,612,0.0,0.0,0.0,0.0,Unknown,,,,
frame_613.png,613,0.0,0.0,0.0,0.0,Unknown,,,,
frame_614.png,614,0.0,0.0,0.0,0.0,Unknown,,,,
frame_615.png,615,0.0,0.0,0.0,0.0,Unknown,,,,
frame_616.png,616,0.0,0.0,0.0,0.0,Unknown,,,,
frame_617.png,617,0.0,0.0,0.0,0.0,Unknown,,,,
frame_618.png,618,0.0,0.0,0.0,0.0,Unknown,,,,
frame_619.png,619,0.0,0.0,0.0,0.0,Unknown,,,,
frame_620.png,620,0.0,0.0,0.0,0.0,Unknown,,,,
frame_621.png,621,0.0,0.0,0.0,0.0,Unknown,,,,
frame_622.png,622,0.0,0.0,0.0,0.0,Unknown,,,,
frame_623.png,623,0.0,0.0,0.0,0.0,Unknown,,,,
frame_624.png,624,0.0,0.0,0.0,0.0,Unknown,,,,
frame_625.png,625,0.0,0.0,0.0,0.0,Unknown,,,,
frame_626.png,626,0.0,0.0,0.0,0.0,Unknown,,,,
frame_627.png,627,0.0,0.0,0.0,0.0,Unknown,,,,
frame_628.png,628,0.0,0.0,0.0,0.0,Unknown,,,,
frame_629.png,629,0.0,0.0,0.0,0.0,Unknown,,,,
frame_630.png,630,0.0,0.0,0.0,0.0,Unknown,,,,
frame_631.png,631,0.0,0.0,0.0,0.0,Unknown,,,,
frame_632.png,632,0.0,0.0,0.0,0.0,Unknown,,,,
frame_633.png,633,0.0,0.0,0.0,0.0,Unknown,,,,
frame_634.png,634,0.0,0.0,0.0,0.0,Unknown,,,,
frame_635.png,635,0.0,0.0,0.0,0.0,Unknown,,,,
frame_636.png,636,0.0,0.0,0.0,0.0,Unknown,,,,
frame_637.png,637,0.0,0.0,0.0,0.0,Unknown,,,,
frame_638.png,638,0.0,0.0,0.0,0.0,Unknown,,,,
frame_639.png,639,0.0,0.0,0.0,0.0,Unknown,,,,
frame_640.png,640,0.0,0.0,0.0,0.0,Unknown,,,,
frame_641.png,641,0.0,0.0,0.0,0.0,Unknown,,,,
frame_642.png,642,0.0,0.0,0.0,0.0,Unknown,,,,
frame_643.png,643,0.0,0.0,0.0,0.0,Unknown,,,,
frame_644.png,644,0.0,0.0,0.0,0.0,Unknown,,,,
frame_645.png,645,0.0,0.0,0.0,0.0,Unknown,,,,
frame_646.png,646,0.0,0.0,0.0,0.0,Unknown,,,,
frame_647.png,647,0.0,0.0,0.0,0.0,Unknown,,,,
frame_648.png,648,0.0,0.0,0.0,0.0,Unknown,,,,
frame_649.png,649,0.0,0.0,0.0,0.0,Unknown,,,,
frame_650.png,650,0.0,0.0,0.0,0.0,Unknown,,,,
frame_651.png,651,0.0,0.0,0.0,0.0,Unknown,,,,
frame_652.png,652,0.0,0.0,0.0,0.0,Unknown,,,,
frame_653.png,653,0.0,0.0,0.0,0.0,Unknown,,,,
frame_654.png,654,0.0,0.0,0.0,0.0,Unknown,,,,
frame_655.png,655,0.0,0.0,0.0,0.0,Unknown,,,,
frame_656.png,656,0.0,0.0,0.0,0.0,Unknown,,,,
frame_657.png,657,0.0,0.0,0.0,0.0,Unknown,,,,
frame_658.png,658,0.0,0.0,0.0,0.0,Unknown,,,,
frame_659.png,659,0.0,0.0,0.0,0.0,Unknown,,,,
frame_660.png,660,0.0,0.0,0.0,0.0,Unknown,,,,
frame_661.png,661,0.0,0.0,0.0,0.0,Unknown,,,,
frame_662.png,662,0.0,0.0,0.0,0.0,Unknown,,,,
frame_663.png,663,0.0,0.0,0.0,0.0,Unknown,,,,
frame_664.png,664,0.0,0.0,0.0,0.0,Unknown,,,,
frame_665.png,665,0.0,0.0,0.0,0.0,Unknown,,,,
frame_666.png,666,0.0,0.0,0.0,0.0,Unknown,,,,
frame_667.png,667,0.0,0.0,0.0,0.0,Unknown,,,,
frame_668.png,668,0.0,0.0,0.0,0.0,Unknown,,,,
frame_669.png,669,0.0,0.0,0.0,0.0,Unknown,,,,
frame_670.png,670,0.0,0.0,0.0,0.0,Unknown,,,,
frame_671.png,671,0.0,0.0,0.0,0.0,Unknown,,,,
frame_672.png,672,0.0,0.0,0.0,0.0,Unknown,,,,
frame_673.png,673,0.0,0.0,0.0,0.0,Unknown,,,,
frame_674.png,674,0.0,0.0,0.0,0.0,Unknown,,,,
frame_675.png,675,0.0,0.0,0.0,0.0,Unknown,,,,
frame_676.png,676,0.0,0.0,0.0,0.0,Unknown,,,,
frame_677.png,677,0.0,0.0,0.0,0.0,Unknown,,,,
frame_678.png,678,0.0,0.0,0.0,0.0,Unknown,,,,
frame_679.png,679,0.0,0.0,0.0,0.0,Unknown,,,,
frame_680.png,680,0.0,0.0,0.0,0.0,Unknown,,,,
frame_681.png,681,0.0,0.0,0.0,0.0,Unknown,,,,
frame_682.png,682,0.0,0.0,0.0,0.0,Unknown,,,,
frame_683.png,683,0.0,0.0,0.0,0.0,Unknown,,,,
frame_684.png,684,0.0,0.0,0.0,0.0,Unknown,,,,
frame_685.png,685,0.0,0.0,0.0,0.0,Unknown,,,,
frame_686.png,686,0.0,0.0,0.0,0.0,Unknown,,,,
frame_687.png,687,0.0,0.0,0.0,0.0,Unknown,,,,
frame_688.png,688,0.0,0.0,0.0,0.0,Unknown,,,,
frame_689.png,689,0.0,0.0,0.0,0.0,Unknown,,,,
frame_690.png,690,0.0,0.0,0.0,0.0,Unknown,,,,
frame_691.png,691,0.0,0.0,0.0,0.0,Unknown,,,,
frame_692.png,692,0.0,0.0,0.0,0.0,Unknown,,,,
frame_693.png,693,0.0,0.0,0.0,0.0,Unknown,,,,
frame_694.png,694,0.0,0.0,0.0,0.0,Unknown,,,,
frame_695.png,695,0.0,0.0,0.0,0.0,Unknown,,,,
frame_696.png,696,0.0,0.0,0.0,0.0,Unknown,,,,
frame_697.png,697,0.0,0.0,0.0,0.0,Unknown,,,,
frame_698.png,698,0.0,0.0,0.0,0.0,Unknown,,,,
frame_699.png,699,0.0,0.0,0.0,0.0,Unknown,,,,
frame_700.png,700,0.0,0.0,0.0,0.0,Unknown,,,,
frame_701.png,701,0.0,0.0,0.0,0.0,Unknown,,,,
frame_702.png,702,0.0,0.0,0.0,0.0,Unknown,,,,
frame_703.png,703,0.0,0.0,0.0,0.0,Unknown,,,,
frame_704.png,704,0.0,0.0,0.0,0.0,Unknown,,,,
frame_705.png,705,0.0,0.0,0.0,0.0,Unknown,,,,
frame_706.png,706,0.0,0.0,0.0,0.0,Unknown,,,,
frame_707.png,707,0.0,0.0,0.0,0.0,Unknown,,,,
frame_708.png,708,0.0,0.0,0.0,0.0,Unknown,,,,
frame_709.png,709,0.0,0.0,0.0,0.0,Unknown,,,,
frame_710.png,710,0.0,0.0,0.0,0.0,Unknown,,,,
frame_711.png,711,0.0,0.0,0.0,0.0,Unknown,,,,
frame_712.png,712,0.0,0.0,0.0,0.0,Unknown,,,,
frame_713.png,713,0.0,0.0,0.0,0.0,Unknown,,,,
frame_714.png,714,0.0,0.0,0.0,0.0,Unknown,,,,
frame_715.png,715,0.0,0.0,0.0,0.0,Unknown,,,,
frame_716.png,716,0.0,0.0,0.0,0.0,Unknown,,,,
frame_717.png,717,0.0,0.0,0.0,0.0,Unknown,,,,
frame_718.png,718,0.0,0.0,0.0,0.0,Unknown,,,,
frame_719.png,719,0.0,0.0,0.0,0.0,Unknown,,,,
frame_720.png,720,0.0,0.0,0.0,0.0,Unknown,,,,
frame_721.png,721,0.0,0.0,0.0,0.0,Unknown,,,,
frame_722.png,722,0.0,0.0,0.0,0.0,Unknown,,,,
frame_723.png,723,0.0,0.0,0.0,0.0,Unknown,,,,
frame_724.png,724,0.0,0.0,0.0,0.0,Unknown,,,,
frame_725.png,725,0.0,0.0,0.0,0.0,Unknown,,,,
frame_726.png,726,0.0,0.0,0.0,0.0,Unknown,,,,
frame_727.png,727,0.0,0.0,0.0,0.0,Unknown,,,,
frame_728.png,728,0.0,0.0,0.0,0.0,Unknown,,,,
frame_729.png,729,0.0,0.0,0.0,0.0,Unknown,,,,
frame_730.png,730,0.0,0.0,0.0,0.0,Unknown,,,,
frame_731.png,731,0.0,0.0,0.0,0.0,Unknown,,,,
frame_732.png,732,0.0,0.0,0.0,0.0,Unknown,,,,
frame_733.png,733,0.0,0.0,0.0,0.0,Unknown,,,,
frame_734.png,734,0.0,0.0,0.0,0.0,Unknown,,,,
frame_735.png,735,0.0,0.0,0.0,0.0,Unknown,,,,
frame_736.png,736,0.0,0.0,0.0,0.0,Unknown,,,,
frame_737.png,737,0.0,0.0,0.0,0.0,Unknown,,,,
frame_738.png,738,0.0,0.0,0.0,0.0,Unknown,,,,
frame_739.png,739,0.0,0.0,0.0,0.0,Unknown,,,,
frame_740.png,740,0.0,0.0,0.0,0.0,Unknown,,,,
frame_741.png,741,0.0,0.0,0.0,0.0,Unknown,,,,
frame_742.png,742,0.0,0.0,0.0,0.0,Unknown,,,,
frame_743.png,743,0.0,0.0,0.0,0.0,Unknown,,,,
frame_744.png,744,0.0,0.0,0.0,0.0,Unknown,,,,
frame_745.png,745,0.0,0.0,0.0,0.0,Unknown,,,,
frame_746.png,746,0.0,0.0,0.0,0.0,Unknown,,,,
frame_747.png,747,0.0,0.0,0.0,0.0,Unknown,,,,
frame_748.png,748,0.0,0.0,0.0,0.0,Unknown,,,,
frame_749.png,749,0.0,0.0,0.0,0.0,Unknown,,,,
frame_750.png,750,0.0,0.0,0.0,0.0,Unknown,,,,
frame_751.png,751,0.0,0.0,0.0,0.0,Unknown,,,,
frame_752.png,752,0.0,0.0,0.0,0.0,Unknown,,,,
frame_753.png,753,0.0,0.0,0.0,0.0,Unknown,,,,
frame_754.png,754,0.0,0.0,0.0,0.0,Unknown,,,,
frame_755.png,755,0.0,0.0,0.0,0.0,Unknown,,,,
frame_756.png,756,0.0,0.0,0.0,0.0,Unknown,,,,
frame_757.png,757,0.0,0.0,0.0,0.0,Unknown,,,,
frame_758.png,758,0.0,0.0,0.0,0.0,Unknown,,,,
frame_759.png,759,0.0,0.0,0.0,0.0,Unknown,,,,
frame_760.png,760,0.0,0.0,0.0,0.0,Unknown,,,,
frame_761.png,761,0.0,0.0,0.0,0.0,Unknown,,,,
frame_762.png,762,0.0,0.0,0.0,0.0,Unknown,,,,
frame_763.png,763,0.0,0.0,0.0,0.0,Unknown,,,,
frame_764.png,764,0.0,0.0,0.0,0.0,Unknown,,,,
frame_765.png,765,0.0,0.0,0.0,0.0,Unknown,,,,
frame_766.png,766,0.0,0.0,0.0,0.0,Unknown,,,,
frame_767.png,767,0.0,0.0,0.0,0.0,Unknown,,,,
frame_768.png,768,0.0,0.0,0.0,0.0,Unknown,,,,
frame_769.png,769,0.0,0.0,0.0,0.0,Unknown,,,,
frame_770.png,770,0.0,0.0,0.0,0.0,Unknown,,,,
frame_771.png,771,0.0,0.0,0.0,0.0,Unknown,,,,
frame_772.png,772,0.0,0.0,0.0,0.0,Unknown,,,,
frame_773.png,773,0.0,0.0,0.0,0.0,Unknown,,,,
frame_774.png,774,0.0,0.0,0.0,0.0,Unknown,,,,
frame_775.png,775,0.0,0.0,0.0,0.0,Unknown,,,,
frame_776.png,776,0.0,0.0,0.0,0.0,Unknown,,,,
frame_777.png,777,0.0,0.0,0.0,0.0,Unknown,,,,
frame_778.png,778,0.0,0.0,0.0,0.0,Unknown,,,,
frame_779.png,779,0.0,0.0,0.0,0.0,Unknown,,,,
frame_780.png,780,0.0,0.0,0.0,0.0,Unknown,,,,
frame_781.png,781,0.0,0.0,0.0,0.0,Unknown,,,,
frame_782.png,782,0.0,0.0,0.0,0.0,Unknown,,,,
frame_783.png,783,0.0,0.0,0.0,0.0,Unknown,,,,
frame_784.png,784,0.0,0.0,0.0,0.0,Unknown,,,,
frame_785.png,785,0.0,0.0,0.0,0.0,Unknown,,,,
frame_786.png,786,0.0,0.0,0.0,0.0,Unknown,,,,
frame_787.png,787,0.0,0.0,0.0,0.0,Unknown,,,,
frame_788.png,788,0.0,0.0,0.0,0.0,Unknown,,,,
frame_789.png,789,0.0,0.0,0.0,0.0,Unknown,,,,
frame_790.png,790,0.0,0.0,0.0,0.0,Unknown,,,,
frame_791.png,791,0.0,0.0,0.0,0.0,Unknown,,,,
frame_792.png,792,0.0,0.0,0.0,0.0,Unknown,,,,
frame_793.png,793,0.0,0.0,0.0,0.0,Unknown,,,,
frame_794.png,794,0.0,0.0,0.0,0.0,Unknown,,,,
frame_795.png,795,0.0,0.0,0.0,0.0,Unknown,,,,
frame_796.png,796,0.0,0.0,0.0,0.0,Unknown,,,,
frame_797.png,797,0.0,0.0,0.0,0.0,Unknown,,,,
frame_798.png,798,0.0,0.0,0.0,0.0,Unknown,,,,
frame_799.png,799,0.0,0.0,0.0,0.0,Unknown,,,,
frame_800.png,800,0.0,0.0,0.0,0.0,Unknown,,,,
frame_801.png,801,0.0,0.0,0.0,0.0,Unknown,,,,
frame_802.png,802,300,1188,570,1190,Center,,,,
frame_803.png,803,0.0,0.0,0.0,0.0,Unknown,,,,
frame_804.png,804,0.0,0.0,0.0,0.0,Unknown,,,,
frame_805.png,805,0.0,0.0,0.0,0.0,Unknown,,,,
frame_806.png,806,0.0,0.0,0.0,0.0,Unknown,,,,
frame_807.png,807,0.0,0.0,0.0,0.0,Unknown,,,,
frame_808.png,808,0.0,0.0,0.0,0.0,Unknown,,,,
frame_809.png,809,0.0,0.0,0.0,0.0,Unknown,,,,
frame_810.png,810,0.0,0.0,0.0,0.0,Unknown,,,,
frame_811.png,811,0.0,0.0,0.0,0.0,Unknown,,,,
frame_812.png,812,0.0,0.0,0.0,0.0,Unknown,,,,
frame_813.png,813,0.0,0.0,0.0,0.0,Unknown,,,,
frame_814.png,814,0.0,0.0,0.0,0.0,Unknown,,,,
frame_815.png,815,0.0,0.0,0.0,0.0,Unknown,,,,
frame_816.png,816,0.0,0.0,0.0,0.0,Unknown,,,,
frame_817.png,817,0.0,0.0,0.0,0.0,Unknown,,,,
frame_818.png,818,0.0,0.0,0.0,0.0,Unknown,,,,
frame_819.png,819,0.0,0.0,0.0,0.0,Unknown,,,,
frame_820.png,820,0.0,0.0,0.0,0.0,Unknown,,,,
frame_821.png,821,0.0,0.0,0.0,0.0,Unknown,,,,
frame_822.png,822,0.0,0.0,0.0,0.0,Unknown,,,,
frame_823.png,823,0.0,0.0,0.0,0.0,Unknown,,,,
frame_824.png,824,0.0,0.0,0.0,0.0,Unknown,,,,
frame_825.png,825,0.0,0.0,0.0,0.0,Unknown,,,,
frame_826.png,826,0.0,0.0,0.0,0.0,Unknown,,,,
frame_827.png,827,0.0,0.0,0.0,0.0,Unknown,,,,
frame_828.png,828,0.0,0.0,0.0,0.0,Unknown,,,,
frame_829.png,829,0.0,0.0,0.0,0.0,Unknown,,,,
frame_830.png,830,0.0,0.0,0.0,0.0,Unknown,,,,
frame_831.png,831,0.0,0.0,0.0,0.0,Unknown,,,,
frame_832.png,832,0.0,0.0,0.0,0.0,Unknown,,,,
frame_833.png,833,0.0,0.0,0.0,0.0,Unknown,,,,
frame_834.png,834,0.0,0.0,0.0,0.0,Unknown,,,,
frame_835.png,835,0.0,0.0,0.0,0.0,Unknown,,,,
frame_836.png,836,0.0,0.0,0.0,0.0,Unknown,,,,
frame_837.png,837,0.0,0.0,0.0,0.0,Unknown,,,,
frame_838.png,838,0.0,0.0,0.0,0.0,Unknown,,,,
frame_839.png,839,0.0,0.0,0.0,0.0,Unknown,,,,
frame_840.png,840,0.0,0.0,0.0,0.0,Unknown,,,,
frame_841.png,841,0.0,0.0,0.0,0.0,Unknown,,,,
frame_842.png,842,0.0,0.0,0.0,0.0,Unknown,,,,
frame_843.png,843,0.0,0.0,0.0,0.0,Unknown,,,,
frame_844.png,844,0.0,0.0,0.0,0.0,Unknown,,,,
frame_845.png,845,0.0,0.0,0.0,0.0,Unknown,,,,
frame_846.png,846,0.0,0.0,0.0,0.0,Unknown,,,,
frame_847.png,847,0.0,0.0,0.0,0.0,Unknown,,,,
frame_848.png,848,0.0,0.0,0.0,0.0,Unknown,,,,
frame_849.png,849,0.0,0.0,0.0,0.0,Unknown,,,,
frame_850.png,850,0.0,0.0,0.0,0.0,Unknown,,,,
frame_851.png,851,0.0,0.0,0.0,0.0,Unknown,,,,
frame_852.png,852,0.0,0.0,0.0,0.0,Unknown,,,,
frame_853.png,853,0.0,0.0,0.0,0.0,Unknown,,,,
frame_854.png,854,0.0,0.0,0.0,0.0,Unknown,,,,
frame_855.png,855,0.0,0.0,0.0,0.0,Unknown,,,,
frame_856.png,856,0.0,0.0,0.0,0.0,Unknown,,,,
frame_857.png,857,0.0,0.0,0.0,0.0,Unknown,,,,
frame_858.png,858,0.0,0.0,0.0,0.0,Unknown,,,,
frame_859.png,859,0.0,0.0,0.0,0.0,Unknown,,,,
frame_860.png,860,0.0,0.0,0.0,0.0,Unknown,,,,
frame_861.png,861,0.0,0.0,0.0,0.0,Unknown,,,,
frame_862.png,862,0.0,0.0,0.0,0.0,Unknown,,,,
frame_863.png,863,0.0,0.0,0.0,0.0,Unknown,,,,
frame_864.png,864,0.0,0.0,0.0,0.0,Unknown,,,,
frame_865.png,865,0.0,0.0,0.0,0.0,Unknown,,,,
frame_866.png,866,0.0,0.0,0.0,0.0,Unknown,,,,
frame_867.png,867,0.0,0.0,0.0,0.0,Unknown,,,,
frame_868.png,868,0.0,0.0,0.0,0.0,Unknown,,,,
frame_869.png,869,0.0,0.0,0.0,0.0,Unknown,,,,
frame_870.png,870,0.0,0.0,0.0,0.0,Unknown,,,,
frame_871.png,871,0.0,0.0,0.0,0.0,Unknown,,,,
frame_872.png,872,0.0,0.0,0.0,0.0,Unknown,,,,
frame_873.png,873,0.0,0.0,0.0,0.0,Unknown,,,,
frame_874.png,874,0.0,0.0,0.0,0.0,Unknown,,,,
frame_875.png,875,0.0,0.0,0.0,0.0,Unknown,,,,
frame_876.png,876,0.0,0.0,0.0,0.0,Unknown,,,,
frame_877.png,877,0.0,0.0,0.0,0.0,Unknown,,,,
frame_878.png,878,0.0,0.0,0.0,0.0,Unknown,,,,
frame_879.png,879,0.0,0.0,0.0,0.0,Unknown,,,,
frame_880.png,880,0.0,0.0,0.0,0.0,Unknown,,,,
frame_881.png,881,0.0,0.0,0.0,0.0,Unknown,,,,
frame_882.png,882,0.0,0.0,0.0,0.0,Unknown,,,,
frame_883.png,883,0.0,0.0,0.0,0.0,Unknown,,,,
frame_884.png,884,0.0,0.0,0.0,0.0,Unknown,,,,
frame_885.png,885,0.0,0.0,0.0,0.0,Unknown,,,,
frame_886.png,886,0.0,0.0,0.0,0.0,Unknown,,,,
frame_887.png,887,0.0,0.0,0.0,0.0,Unknown,,,,
frame_888.png,888,0.0,0.0,0.0,0.0,Unknown,,,,
frame_889.png,889,0.0,0.0,0.0,0.0,Unknown,,,,
frame_890.png,890,0.0,0.0,0.0,0.0,Unknown,,,,
frame_891.png,891,0.0,0.0,0.0,0.0,Unknown,,,,
frame_892.png,892,0.0,0.0,0.0,0.0,Unknown,,,,
frame_893.png,893,0.0,0.0,0.0,0.0,Unknown,,,,
frame_894.png,894,0.0,0.0,0.0,0.0,Unknown,,,,
frame_895.png,895,0.0,0.0,0.0,0.0,Unknown,,,,
frame_896.png,896,0.0,0.0,0.0,0.0,Unknown,,,,
frame_897.png,897,0.0,0.0,0.0,0.0,Unknown,,,,
frame_898.png,898,0.0,0.0,0.0,0.0,Unknown,,,,
frame_899.png,899,0.0,0.0,0.0,0.0,Unknown,,,,
frame_900.png,900,0.0,0.0,0.0,0.0,Unknown,,,,
frame_901.png,901,0.0,0.0,0.0,0.0,Unknown,,,,
frame_902.png,902,0.0,0.0,0.0,0.0,Unknown,,,,
frame_903.png,903,0.0,0.0,0.0,0.0,Unknown,,,,
frame_904.png,904,0.0,0.0,0.0,0.0,Unknown,,,,
frame_905.png,905,0.0,0.0,0.0,0.0,Unknown,,,,
frame_906.png,906,0.0,0.0,0.0,0.0,Unknown,,,,
frame_907.png,907,0.0,0.0,0.0,0.0,Unknown,,,,
frame_908.png,908,0.0,0.0,0.0,0.0,Unknown,,,,
frame_909.png,909,0.0,0.0,0.0,0.0,Unknown,,,,
frame_910.png,910,0.0,0.0,0.0,0.0,Unknown,,,,
frame_911.png,911,0.0,0.0,0.0,0.0,Unknown,,,,
frame_912.png,912,0.0,0.0,0.0,0.0,Unknown,,,,
frame_913.png,913,0.0,0.0,0.0,0.0,Unknown,,,,
frame_914.png,914,0.0,0.0,0.0,0.0,Unknown,,,,
frame_915.png,915,0.0,0.0,0.0,0.0,Unknown,,,,
frame_916.png,916,0.0,0.0,0.0,0.0,Unknown,,,,
frame_917.png,917,0.0,0.0,0.0,0.0,Unknown,,,,
frame_918.png,918,0.0,0.0,0.0,0.0,Unknown,,,,
frame_919.png,919,0.0,0.0,0.0,0.0,Unknown,,,,
frame_920.png,920,0.0,0.0,0.0,0.0,Unknown,,,,
frame_921.png,921,0.0,0.0,0.0,0.0,Unknown,,,,
frame_922.png,922,0.0,0.0,0.0,0.0,Unknown,,,,
frame_923.png,923,0.0,0.0,0.0,0.0,Unknown,,,,
frame_924.png,924,0.0,0.0,0.0,0.0,Unknown,,,,
frame_925.png,925,0.0,0.0,0.0,0.0,Unknown,,,,
frame_926.png,926,0.0,0.0,0.0,0.0,Unknown,,,,
frame_927.png,927,0.0,0.0,0.0,0.0,Unknown,,,,
frame_928.png,928,0.0,0.0,0.0,0.0,Unknown,,,,
frame_929.png,929,0.0,0.0,0.0,0.0,Unknown,,,,
frame_930.png,930,0.0,0.0,0.0,0.0,Unknown,,,,
frame_931.png,931,0.0,0.0,0.0,0.0,Unknown,,,,
frame_932.png,932,0.0,0.0,0.0,0.0,Unknown,,,,
frame_933.png,933,0.0,0.0,0.0,0.0,Unknown,,,,
frame_934.png,934,0.0,0.0,0.0,0.0,Unknown,,,,
frame_935.png,935,0.0,0.0,0.0,0.0,Unknown,,,,
frame_936.png,936,0.0,0.0,0.0,0.0,Unknown,,,,
frame_937.png,937,0.0,0.0,0.0,0.0,Unknown,,,,
frame_938.png,938,0.0,0.0,0.0,0.0,Unknown,,,,
frame_939.png,939,0.0,0.0,0.0,0.0,Unknown,,,,
frame_940.png,940,0.0,0.0,0.0,0.0,Unknown,,,,
frame_941.png,941,0.0,0.0,0.0,0.0,Unknown,,,,
frame_942.png,942,0.0,0.0,0.0,0.0,Unknown,,,,
frame_943.png,943,0.0,0.0,0.0,0.0,Unknown,,,,
frame_944.png,944,0.0,0.0,0.0,0.0,Unknown,,,,
frame_945.png,945,0.0,0.0,0.0,0.0,Unknown,,,,
frame_946.png,946,0.0,0.0,0.0,0.0,Unknown,,,,
frame_947.png,947,0.0,0.0,0.0,0.0,Unknown,,,,
frame_948.png,948,0.0,0.0,0.0,0.0,Unknown,,,,
frame_949.png,949,0.0,0.0,0.0,0.0,Unknown,,,,
frame_950.png,950,0.0,0.0,0.0,0.0,Unknown,,,,
frame_951.png,951,0.0,0.0,0.0,0.0,Unknown,,,,
frame_952.png,952,0.0,0.0,0.0,0.0,Unknown,,,,
frame_953.png,953,0.0,0.0,0.0,0.0,Unknown,,,,
frame_954.png,954,0.0,0.0,0.0,0.0,Unknown,,,,
frame_955.png,955,0.0,0.0,0.0,0.0,Unknown,,,,
frame_956.png,956,0.0,0.0,0.0,0.0,Unknown,,,,
frame_957.png,957,0.0,0.0,0.0,0.0,Unknown,,,,
frame_958.png,958,0.0,0.0,0.0,0.0,Unknown,,,,
frame_959.png,959,0.0,0.0,0.0,0.0,Unknown,,,,
frame_960.png,960,0.0,0.0,0.0,0.0,Unknown,,,,
frame_961.png,961,0.0,0.0,0.0,0.0,Unknown,,,,
frame_962.png,962,0.0,0.0,0.0,0.0,Unknown,,,,
frame_963.png,963,0.0,0.0,0.0,0.0,Unknown,,,,
frame_964.png,964,0.0,0.0,0.0,0.0,Unknown,,,,
frame_965.png,965,0.0,0.0,0.0,0.0,Unknown,,,,
frame_966.png,966,0.0,0.0,0.0,0.0,Unknown,,,,
frame_967.png,967,0.0,0.0,0.0,0.0,Unknown,,,,
frame_968.png,968,0.0,0.0,0.0,0.0,Unknown,,,,
frame_969.png,969,0.0,0.0,0.0,0.0,Unknown,,,,
frame_970.png,970,0.0,0.0,0.0,0.0,Unknown,,,,
frame_971.png,971,0.0,0.0,0.0,0.0,Unknown,,,,
frame_972.png,972,0.0,0.0,0.0,0.0,Unknown,,,,
frame_973.png,973,0.0,0.0,0.0,0.0,Unknown,,,,
frame_974.png,974,0.0,0.0,0.0,0.0,Unknown,,,,
frame_975.png,975,0.0,0.0,0.0,0.0,Unknown,,,,
frame_976.png,976,0.0,0.0,0.0,0.0,Unknown,,,,
frame_977.png,977,0.0,0.0,0.0,0.0,Unknown,,,,
frame_978.png,978,0.0,0.0,0.0,0.0,Unknown,,,,
frame_979.png,979,0.0,0.0,0.0,0.0,Unknown,,,,
frame_980.png,980,0.0,0.0,0.0,0.0,Unknown,,,,
frame_981.png,981,0.0,0.0,0.0,0.0,Unknown,,,,
frame_982.png,982,0.0,0.0,0.0,0.0,Unknown,,,,
frame_983.png,983,0.0,0.0,0.0,0.0,Unknown,,,,
frame_984.png,984,0.0,0.0,0.0,0.0,Unknown,,,,
frame_985.png,985,0.0,0.0,0.0,0.0,Unknown,,,,
frame_986.png,986,0.0,0.0,0.0,0.0,Unknown,,,,
frame_987.png,987,0.0,0.0,0.0,0.0,Unknown,,,,
frame_988.png,988,0.0,0.0,0.0,0.0,Unknown,,,,
frame_989.png,989,0.0,0.0,0.0,0.0,Unknown,,,,
frame_990.png,990,0.0,0.0,0.0,0.0,Unknown,,,,
frame_991.png,991,0.0,0.0,0.0,0.0,Unknown,,,,
frame_992.png,992,0.0,0.0,0.0,0.0,Unknown,,,,
frame_993.png,993,0.0,0.0,0.0,0.0,Unknown,,,,
frame_994.png,994,0.0,0.0,0.0,0.0,Unknown,,,,
frame_995.png,995,0.0,0.0,0.0,0.0,Unknown,,,,
frame_996.png,996,0.0,0.0,0.0,0.0,Unknown,,,,
frame_997.png,997,0.0,0.0,0.0,0.0,Unknown,,,,
frame_998.png,998,0.0,0.0,0.0,0.0,Unknown,,,,
frame_999.png,999,0.0,0.0,0.0,0.0,Unknown,,,,
frame_1000.png,1000,0.0,0.0,0.0,0.0,Unknown,,,,
frame_1001.png,1001,0.0,0.0,0.0,0.0,Unknown,,,,
frame_1002.png,1002,0.0,0.0,0.0,0.0,Unknown,,,,
frame_1003.png,1003,0.0,0.0,0.0,0.0,Unknown,,,,
frame_1004.png,1004,0.0,0.0,0.0,0.0,Unknown,,,,
frame_1005.png,1005,0.0,0.0,0.0,0.0,Unknown,,,,
frame_1006.png,1006,0.0,0.0,0.0,0.0,Unknown,,,,
frame_1007.png,1007,0.0,0.0,0.0,0.0,Unknown,,,,
frame_1008.png,1008,0.0,0.0,0.0,0.0,Unknown,,,,
frame_1009.png,1009,0.0,0.0,0.0,0.0,Unknown,,,,
frame_1010.png,1010,0.0,0.0,0.0,0.0,Unknown,,,,
frame_1011.png,1011,0.0,0.0,0.0,0.0,Unknown,,,,
frame_1012.png,1012,0.0,0.0,0.0,0.0,Unknown,,,,
frame_1013.png,1013,0.0,0.0,0.0,0.0,Unknown,,,,
frame_1014.png,1014,0.0,0.0,0.0,0.0,Unknown,,,,
frame_1015.png,1015,0.0,0.0,0.0,0.0,Unknown,,,,
frame_1016.png,1016,0.0,0.0,0.0,0.0,Unknown,,,,
frame_1017.png,1017,0.0,0.0,0.0,0.0,Unknown,,,,
frame_1018.png,1018,0.0,0.0,0.0,0.0,Unknown,,,,
frame_1019.png,1019,0.0,0.0,0.0,0.0,Unknown,,,,
frame_1020.png,1020,0.0,0.0,0.0,0.0,Unknown,,,,
frame_1021.png,1021,0.0,0.0,0.0,0.0,Unknown,,,,
frame_1022.png,1022,0.0,0.0,0.0,0.0,Unknown,,,,
frame_1023.png,1023,0.0,0.0,0.0,0.0,Unknown,,,,
frame_1024.png,1024,0.0,0.0,0.0,0.0,Unknown,,,,
frame_1025.png,1025,0.0,0.0,0.0,0.0,Unknown,,,,
frame_1026.png,1026,0.0,0.0,0.0,0.0,Unknown,,,,
frame_1027.png,1027,0.0,0.0,0.0,0.0,Unknown,,,,
frame_1028.png,1028,0.0,0.0,0.0,0.0,Unknown,,,,
frame_1029.png,1029,0.0,0.0,0.0,0.0,Unknown,,,,
frame_1030.png,1030,0.0,0.0,0.0,0.0,Unknown,,,,
frame_1031.png,1031,0.0,0.0,0.0,0.0,Unknown,,,,
frame_1032.png,1032,0.0,0.0,0.0,0.0,Unknown,,,,
frame_1033.png,1033,0.0,0.0,0.0,0.0,Unknown,,,,
frame_1034.png,1034,0.0,0.0,0.0,0.0,Unknown,,,,
frame_1035.png,1035,0.0,0.0,0.0,0.0,Unknown,,,,
frame_1036.png,1036,0.0,0.0,0.0,0.0,Unknown,,,,
frame_1037.png,1037,0.0,0.0,0.0,0.0,Unknown,,,,
frame_1038.png,1038,0.0,0.0,0.0,0.0,Unknown,,,,
frame_1039.png,1039,0.0,0.0,0.0,0.0,Unknown,,,,
frame_1040.png,1040,0.0,0.0,0.0,0.0,Unknown,,,,
frame_1041.png,1041,0.0,0.0,0.0,0.0,Unknown,,,,
frame_1042.png,1042,0.0,0.0,0.0,0.0,Unknown,,,,
frame_1043.png,1043,0.0,0.0,0.0,0.0,Unknown,,,,
frame_1044.png,1044,0.0,0.0,0.0,0.0,Unknown,,,,
frame_1045.png,1045,0.0,0.0,0.0,0.0,Unknown,,,,
frame_1046.png,1046,0.0,0.0,0.0,0.0,Unknown,,,,
frame_1047.png,1047,0.0,0.0,0.0,0.0,Unknown,,,,
frame_1048.png,1048,0.0,0.0,0.0,0.0,Unknown,,,,
frame_1049.png,1049,0.0,0.0,0.0,0.0,Unknown,,,,
frame_1050.png,1050,0.0,0.0,0.0,0.0,Unknown,,,,
frame_1051.png,1051,0.0,0.0,0.0,0.0,Unknown,,,,
frame_1052.png,1052,0.0,0.0,0.0,0.0,Unknown,,,,
frame_1053.png,1053,0.0,0.0,0.0,0.0,Unknown,,,,
frame_1054.png,1054,0.0,0.0,0.0,0.0,Unknown,,,,
frame_1055.png,1055,0.0,0.0,0.0,0.0,Unknown,,,,
frame_1056.png,1056,0.0,0.0,0.0,0.0,Unknown,,,,
frame_1057.png,1057,0.0,0.0,0.0,0.0,Unknown,,,,
frame_1058.png,1058,0.0,0.0,0.0,0.0,Unknown,,,,
frame_1059.png,1059,0.0,0.0,0.0,0.0,Unknown,,,,
frame_1060.png,1060,0.0,0.0,0.0,0.0,Unknown,,,,
frame_1061.png,1061,0.0,0.0,0.0,0.0,Unknown,,,,
frame_1062.png,1062,0.0,0.0,0.0,0.0,Unknown,,,,
frame_1063.png,1063,0.0,0.0,0.0,0.0,Unknown,,,,
frame_1064.png,1064,0.0,0.0,0.0,0.0,Unknown,,,,
frame_1065.png,1065,0.0,0.0,0.0,0.0,Unknown,,,,
frame_1066.png,1066,0.0,0.0,0.0,0.0,Unknown,,,,
frame_1067.png,1067,0.0,0.0,0.0,0.0,Unknown,,,,
frame_1068.png,1068,0.0,0.0,0.0,0.0,Unknown,,,,
frame_1069.png,1069,0.0,0.0,0.0,0.0,Unknown,,,,
frame_1070.png,1070,0.0,0.0,0.0,0.0,Unknown,,,,
frame_1071.png,1071,0.0,0.0,0.0,0.0,Unknown,,,,
frame_1072.png,1072,0.0,0.0,0.0,0.0,Unknown,,,,
frame_1073.png,1073,0.0,0.0,0.0,0.0,Unknown,,,,
frame_1074.png,1074,0.0,0.0,0.0,0.0,Unknown,,,,
frame_1075.png,1075,0.0,0.0,0.0,0.0,Unknown,,,,
frame_1076.png,1076,0.0,0.0,0.0,0.0,Unknown,,,,
frame_1077.png,1077,0.0,0.0,0.0,0.0,Unknown,,,,
frame_1078.png,1078,0.0,0.0,0.0,0.0,Unknown,,,,
frame_1079.png,1079,0.0,0.0,0.0,0.0,Unknown,,,,
frame_1080.png,1080,0.0,0.0,0.0,0.0,Unknown,,,,
frame_1081.png,1081,0.0,0.0,0.0,0.0,Unknown,,,,
frame_1082.png,1082,0.0,0.0,0.0,0.0,Unknown,,,,
frame_1083.png,1083,0.0,0.0,0.0,0.0,Unknown,,,,
frame_1084.png,1084,0.0,0.0,0.0,0.0,Unknown,,,,
frame_1085.png,1085,0.0,0.0,0.0,0.0,Unknown,,,,
frame_1086.png,1086,0.0,0.0,0.0,0.0,Unknown,,,,
