Image File Name,Frame Number,Left Pupil X,Left Pupil Y,Right Pupil X,Right Pupil Y,Direction,K Value,Behaviour,Fixation Level,Saccade Level
frame_0.png,0,0.0,0.0,0.0,0.0,Unknown,-1253.0396043222256,exploratory,0.0,1253.0396043222256
frame_1.png,1,0.0,0.0,0.0,0.0,Unknown,-3.5355339059327378,exploratory,0.0,3.5355339059327378
frame_2.png,2,0.0,0.0,0.0,0.0,Unknown,-3.1622776601683795,exploratory,0.0,3.1622776601683795
frame_3.png,3,0.0,0.0,0.0,0.0,Unknown,-2.9154759474226504,exploratory,0.0,2.9154759474226504
frame_4.png,4,0.0,0.0,0.0,0.0,Unknown,-3.0413812651491097,exploratory,0.0,3.0413812651491097
frame_5.png,5,0.0,0.0,0.0,0.0,Unknown,-3.3541019662496847,exploratory,0.0,3.3541019662496847
frame_6.png,6,0.0,0.0,0.0,0.0,Unknown,-3.0413812651491097,exploratory,0.0,3.0413812651491097
frame_7.png,7,0.0,0.0,0.0,0.0,Unknown,-3.3541019662496847,exploratory,0.0,3.3541019662496847
frame_8.png,8,0.0,0.0,0.0,0.0,Unknown,-4.272001872658765,exploratory,0.0,4.272001872658765
frame_9.png,9,0.0,0.0,0.0,0.0,Unknown,-1.5811388300841898,exploratory,1.5811388300841898,3.1622776601683795
frame_10.png,10,362,1151,605,1161,Blinking,-2.3078865529319543,exploratory,1.5,3.8078865529319543
frame_11.png,11,360,1149,602,1158,Center,-2.5355339059327378,exploratory,1.0,3.5355339059327378
frame_12.png,12,357,1148,599,1157,Center,-1.9398884038765896,exploratory,1.4142135623730951,3.3541019662496847
frame_13.png,13,355,1145,598,1155,Blinking,-0.9435188240589354,exploratory,1.118033988749895,2.0615528128088303
frame_14.png,14,352,1146,595,1155,Blinking,-1.118033988749895,exploratory,1.118033988749895,2.23606797749979
frame_15.png,15,351,1143,593,1152,Blinking,-4.19703891761743,exploratory,1.118033988749895,5.315072906367325
frame_16.png,16,351,1143,599,1151,Blinking,-1241.5565222154246,exploratory,1.4142135623730951,1242.9707357777977
frame_17.png,17,351,1141,593,1150,Blinking,-1267.4074118410797,exploratory,1.8027756377319946,1269.2101874788116
frame_18.png,18,351,1139,594,1149,Blinking,-5.020797289396148,exploratory,1.0,6.020797289396148
frame_19.png,19,353,1139,600,1146,Blinking,-3.625382501502674,exploratory,1.118033988749895,4.743416490252569
frame_20.png,20,354,1135,597,1144,Blinking,-4.720153254455275,exploratory,0.5,5.220153254455275
frame_21.png,21,356,1135,598,1144,Center,-1278.6704250934533,exploratory,1.118033988749895,1279.7884590822032
frame_22.png,22,357,1136,599,1143,Blinking,,,,
frame_23.png,23,357,1137,601,1144,Blinking,,,,
frame_24.png,24,358,1135,607,1143,Blinking,,,,
frame_25.png,25,357,1135,601,1142,Center,,,,
frame_26.png,26,356,1138,599,1145,Center,,,,
frame_27.png,27,355,1137,598,1145,Blinking,,,,
frame_28.png,28,354,1138,597,1145,Center,,,,
frame_29.png,29,353,1138,596,1146,Blinking,,,,
frame_30.png,30,352,1139,595,1147,Blinking,,,,
frame_31.png,31,350,1138,594,1146,Blinking,,,,
frame_32.png,32,350,1140,593,1148,Blinking,,,,
frame_33.png,33,349,1141,592,1147,Center,,,,
frame_34.png,34,350,1141,593,1148,Center,,,,
frame_35.png,35,351,1141,593,1148,Blinking,,,,
frame_36.png,36,350,1144,592,1149,Center,,,,
frame_37.png,37,349,1146,594,1149,Center,,,,
frame_38.png,38,346,1149,590,1154,Center,,,,
frame_39.png,39,0.0,0.0,0.0,0.0,Unknown,,,,
frame_40.png,40,0.0,0.0,0.0,0.0,Unknown,,,,
frame_41.png,41,0.0,0.0,0.0,0.0,Unknown,,,,
frame_42.png,42,345,1184,572,1183,Blinking,,,,
frame_43.png,43,340,1188,569,1188,Blinking,,,,
frame_44.png,44,337,1193,569,1192,Blinking,,,,
frame_45.png,45,335,1199,568,1196,Blinking,,,,
frame_46.png,46,0.0,0.0,0.0,0.0,Unknown,,,,
frame_47.png,47,0.0,0.0,0.0,0.0,Unknown,,,,
frame_48.png,48,0.0,0.0,0.0,0.0,Unknown,,,,
frame_49.png,49,0.0,0.0,0.0,0.0,Unknown,,,,
frame_50.png,50,0.0,0.0,0.0,0.0,Unknown,,,,
frame_51.png,51,0.0,0.0,0.0,0.0,Unknown,,,,
frame_52.png,52,0.0,0.0,0.0,0.0,Unknown,,,,
frame_53.png,53,0.0,0.0,0.0,0.0,Unknown,,,,
frame_54.png,54,0.0,0.0,0.0,0.0,Unknown,,,,
frame_55.png,55,0.0,0.0,0.0,0.0,Unknown,,,,
frame_56.png,56,0.0,0.0,0.0,0.0,Unknown,,,,
frame_57.png,57,0.0,0.0,0.0,0.0,Unknown,,,,
frame_58.png,58,0.0,0.0,0.0,0.0,Unknown,,,,
frame_59.png,59,0.0,0.0,0.0,0.0,Unknown,,,,
frame_60.png,60,0.0,0.0,0.0,0.0,Unknown,,,,
frame_61.png,61,0.0,0.0,0.0,0.0,Unknown,,,,
frame_62.png,62,0.0,0.0,0.0,0.0,Unknown,,,,
frame_63.png,63,0.0,0.0,0.0,0.0,Unknown,,,,
frame_64.png,64,0.0,0.0,0.0,0.0,Unknown,,,,
frame_65.png,65,0.0,0.0,0.0,0.0,Unknown,,,,
frame_66.png,66,0.0,0.0,0.0,0.0,Unknown,,,,
frame_67.png,67,0.0,0.0,0.0,0.0,Unknown,,,,
frame_68.png,68,0.0,0.0,0.0,0.0,Unknown,,,,
frame_69.png,69,0.0,0.0,0.0,0.0,Unknown,,,,
frame_70.png,70,0.0,0.0,0.0,0.0,Unknown,,,,
frame_71.png,71,0.0,0.0,0.0,0.0,Unknown,,,,
frame_72.png,72,0.0,0.0,0.0,0.0,Unknown,,,,
frame_73.png,73,0.0,0.0,0.0,0.0,Unknown,,,,
frame_74.png,74,0.0,0.0,0.0,0.0,Unknown,,,,
frame_75.png,75,0.0,0.0,0.0,0.0,Unknown,,,,
frame_76.png,76,0.0,0.0,0.0,0.0,Unknown,,,,
frame_77.png,77,0.0,0.0,0.0,0.0,Unknown,,,,
frame_78.png,78,0.0,0.0,0.0,0.0,Unknown,,,,
frame_79.png,79,0.0,0.0,0.0,0.0,Unknown,,,,
frame_80.png,80,0.0,0.0,0.0,0.0,Unknown,,,,
frame_81.png,81,0.0,0.0,0.0,0.0,Unknown,,,,
frame_82.png,82,0.0,0.0,0.0,0.0,Unknown,,,,
frame_83.png,83,0.0,0.0,0.0,0.0,Unknown,,,,
frame_84.png,84,0.0,0.0,0.0,0.0,Unknown,,,,
frame_85.png,85,0.0,0.0,0.0,0.0,Unknown,,,,
frame_86.png,86,0.0,0.0,0.0,0.0,Unknown,,,,
frame_87.png,87,0.0,0.0,0.0,0.0,Unknown,,,,
frame_88.png,88,0.0,0.0,0.0,0.0,Unknown,,,,
frame_89.png,89,0.0,0.0,0.0,0.0,Unknown,,,,
frame_90.png,90,0.0,0.0,0.0,0.0,Unknown,,,,
frame_91.png,91,0.0,0.0,0.0,0.0,Unknown,,,,
frame_92.png,92,0.0,0.0,0.0,0.0,Unknown,,,,
frame_93.png,93,0.0,0.0,0.0,0.0,Unknown,,,,
frame_94.png,94,0.0,0.0,0.0,0.0,Unknown,,,,
frame_95.png,95,0.0,0.0,0.0,0.0,Unknown,,,,
frame_96.png,96,0.0,0.0,0.0,0.0,Unknown,,,,
frame_97.png,97,0.0,0.0,0.0,0.0,Unknown,,,,
frame_98.png,98,0.0,0.0,0.0,0.0,Unknown,,,,
frame_99.png,99,0.0,0.0,0.0,0.0,Unknown,,,,
frame_100.png,100,0.0,0.0,0.0,0.0,Unknown,,,,
frame_101.png,101,0.0,0.0,0.0,0.0,Unknown,,,,
frame_102.png,102,0.0,0.0,0.0,0.0,Unknown,,,,
frame_103.png,103,0.0,0.0,0.0,0.0,Unknown,,,,
frame_104.png,104,0.0,0.0,0.0,0.0,Unknown,,,,
frame_105.png,105,0.0,0.0,0.0,0.0,Unknown,,,,
frame_106.png,106,0.0,0.0,0.0,0.0,Unknown,,,,
frame_107.png,107,0.0,0.0,0.0,0.0,Unknown,,,,
frame_108.png,108,0.0,0.0,0.0,0.0,Unknown,,,,
frame_109.png,109,0.0,0.0,0.0,0.0,Unknown,,,,
frame_110.png,110,0.0,0.0,0.0,0.0,Unknown,,,,
frame_111.png,111,0.0,0.0,0.0,0.0,Unknown,,,,
frame_112.png,112,0.0,0.0,0.0,0.0,Unknown,,,,
frame_113.png,113,0.0,0.0,0.0,0.0,Unknown,,,,
frame_114.png,114,0.0,0.0,0.0,0.0,Unknown,,,,
frame_115.png,115,0.0,0.0,0.0,0.0,Unknown,,,,
frame_116.png,116,0.0,0.0,0.0,0.0,Unknown,,,,
frame_117.png,117,0.0,0.0,0.0,0.0,Unknown,,,,
frame_118.png,118,0.0,0.0,0.0,0.0,Unknown,,,,
frame_119.png,119,0.0,0.0,0.0,0.0,Unknown,,,,
frame_120.png,120,0.0,0.0,0.0,0.0,Unknown,,,,
frame_121.png,121,0.0,0.0,0.0,0.0,Unknown,,,,
frame_122.png,122,0.0,0.0,0.0,0.0,Unknown,,,,
frame_123.png,123,0.0,0.0,0.0,0.0,Unknown,,,,
frame_124.png,124,0.0,0.0,0.0,0.0,Unknown,,,,
frame_125.png,125,0.0,0.0,0.0,0.0,Unknown,,,,
frame_126.png,126,0.0,0.0,0.0,0.0,Unknown,,,,
frame_127.png,127,0.0,0.0,0.0,0.0,Unknown,,,,
frame_128.png,128,0.0,0.0,0.0,0.0,Unknown,,,,
frame_129.png,129,0.0,0.0,0.0,0.0,Unknown,,,,
frame_130.png,130,0.0,0.0,0.0,0.0,Unknown,,,,
frame_131.png,131,0.0,0.0,0.0,0.0,Unknown,,,,
frame_132.png,132,0.0,0.0,0.0,0.0,Unknown,,,,
frame_133.png,133,0.0,0.0,0.0,0.0,Unknown,,,,
frame_134.png,134,0.0,0.0,0.0,0.0,Unknown,,,,
frame_135.png,135,0.0,0.0,0.0,0.0,Unknown,,,,
frame_136.png,136,0.0,0.0,0.0,0.0,Unknown,,,,
frame_137.png,137,0.0,0.0,0.0,0.0,Unknown,,,,
frame_138.png,138,0.0,0.0,0.0,0.0,Unknown,,,,
frame_139.png,139,0.0,0.0,0.0,0.0,Unknown,,,,
frame_140.png,140,0.0,0.0,0.0,0.0,Unknown,,,,
frame_141.png,141,0.0,0.0,0.0,0.0,Unknown,,,,
frame_142.png,142,0.0,0.0,0.0,0.0,Unknown,,,,
frame_143.png,143,0.0,0.0,0.0,0.0,Unknown,,,,
frame_144.png,144,0.0,0.0,0.0,0.0,Unknown,,,,
frame_145.png,145,0.0,0.0,0.0,0.0,Unknown,,,,
frame_146.png,146,0.0,0.0,0.0,0.0,Unknown,,,,
frame_147.png,147,0.0,0.0,0.0,0.0,Unknown,,,,
frame_148.png,148,0.0,0.0,0.0,0.0,Unknown,,,,
frame_149.png,149,0.0,0.0,0.0,0.0,Unknown,,,,
frame_150.png,150,0.0,0.0,0.0,0.0,Unknown,,,,
frame_151.png,151,0.0,0.0,0.0,0.0,Unknown,,,,
frame_152.png,152,0.0,0.0,0.0,0.0,Unknown,,,,
frame_153.png,153,0.0,0.0,0.0,0.0,Unknown,,,,
frame_154.png,154,0.0,0.0,0.0,0.0,Unknown,,,,
frame_155.png,155,0.0,0.0,0.0,0.0,Unknown,,,,
frame_156.png,156,0.0,0.0,0.0,0.0,Unknown,,,,
frame_157.png,157,0.0,0.0,0.0,0.0,Unknown,,,,
frame_158.png,158,0.0,0.0,0.0,0.0,Unknown,,,,
frame_159.png,159,0.0,0.0,0.0,0.0,Unknown,,,,
frame_160.png,160,0.0,0.0,0.0,0.0,Unknown,,,,
frame_161.png,161,0.0,0.0,0.0,0.0,Unknown,,,,
frame_162.png,162,0.0,0.0,0.0,0.0,Unknown,,,,
frame_163.png,163,0.0,0.0,0.0,0.0,Unknown,,,,
frame_164.png,164,0.0,0.0,0.0,0.0,Unknown,,,,
frame_165.png,165,0.0,0.0,0.0,0.0,Unknown,,,,
frame_166.png,166,0.0,0.0,0.0,0.0,Unknown,,,,
frame_167.png,167,0.0,0.0,0.0,0.0,Unknown,,,,
frame_168.png,168,0.0,0.0,0.0,0.0,Unknown,,,,
frame_169.png,169,0.0,0.0,0.0,0.0,Unknown,,,,
frame_170.png,170,0.0,0.0,0.0,0.0,Unknown,,,,
frame_171.png,171,0.0,0.0,0.0,0.0,Unknown,,,,
frame_172.png,172,0.0,0.0,0.0,0.0,Unknown,,,,
frame_173.png,173,0.0,0.0,0.0,0.0,Unknown,,,,
frame_174.png,174,0.0,0.0,0.0,0.0,Unknown,,,,
frame_175.png,175,0.0,0.0,0.0,0.0,Unknown,,,,
frame_176.png,176,0.0,0.0,0.0,0.0,Unknown,,,,
frame_177.png,177,0.0,0.0,0.0,0.0,Unknown,,,,
frame_178.png,178,0.0,0.0,0.0,0.0,Unknown,,,,
frame_179.png,179,0.0,0.0,0.0,0.0,Unknown,,,,
frame_180.png,180,0.0,0.0,0.0,0.0,Unknown,,,,
frame_181.png,181,0.0,0.0,0.0,0.0,Unknown,,,,
frame_182.png,182,0.0,0.0,0.0,0.0,Unknown,,,,
frame_183.png,183,0.0,0.0,0.0,0.0,Unknown,,,,
frame_184.png,184,0.0,0.0,0.0,0.0,Unknown,,,,
frame_185.png,185,0.0,0.0,0.0,0.0,Unknown,,,,
frame_186.png,186,0.0,0.0,0.0,0.0,Unknown,,,,
frame_187.png,187,0.0,0.0,0.0,0.0,Unknown,,,,
frame_188.png,188,0.0,0.0,0.0,0.0,Unknown,,,,
frame_189.png,189,0.0,0.0,0.0,0.0,Unknown,,,,
frame_190.png,190,0.0,0.0,0.0,0.0,Unknown,,,,
frame_191.png,191,0.0,0.0,0.0,0.0,Unknown,,,,
frame_192.png,192,0.0,0.0,0.0,0.0,Unknown,,,,
frame_193.png,193,0.0,0.0,0.0,0.0,Unknown,,,,
frame_194.png,194,0.0,0.0,0.0,0.0,Unknown,,,,
frame_195.png,195,0.0,0.0,0.0,0.0,Unknown,,,,
frame_196.png,196,0.0,0.0,0.0,0.0,Unknown,,,,
frame_197.png,197,0.0,0.0,0.0,0.0,Unknown,,,,
frame_198.png,198,0.0,0.0,0.0,0.0,Unknown,,,,
frame_199.png,199,0.0,0.0,0.0,0.0,Unknown,,,,
frame_200.png,200,0.0,0.0,0.0,0.0,Unknown,,,,
frame_201.png,201,0.0,0.0,0.0,0.0,Unknown,,,,
frame_202.png,202,0.0,0.0,0.0,0.0,Unknown,,,,
frame_203.png,203,0.0,0.0,0.0,0.0,Unknown,,,,
frame_204.png,204,0.0,0.0,0.0,0.0,Unknown,,,,
frame_205.png,205,0.0,0.0,0.0,0.0,Unknown,,,,
frame_206.png,206,0.0,0.0,0.0,0.0,Unknown,,,,
frame_207.png,207,0.0,0.0,0.0,0.0,Unknown,,,,
frame_208.png,208,0.0,0.0,0.0,0.0,Unknown,,,,
frame_209.png,209,0.0,0.0,0.0,0.0,Unknown,,,,
frame_210.png,210,0.0,0.0,0.0,0.0,Unknown,,,,
frame_211.png,211,0.0,0.0,0.0,0.0,Unknown,,,,
frame_212.png,212,0.0,0.0,0.0,0.0,Unknown,,,,
frame_213.png,213,0.0,0.0,0.0,0.0,Unknown,,,,
frame_214.png,214,0.0,0.0,0.0,0.0,Unknown,,,,
frame_215.png,215,0.0,0.0,0.0,0.0,Unknown,,,,
frame_216.png,216,0.0,0.0,0.0,0.0,Unknown,,,,
frame_217.png,217,0.0,0.0,0.0,0.0,Unknown,,,,
frame_218.png,218,0.0,0.0,0.0,0.0,Unknown,,,,
frame_219.png,219,0.0,0.0,0.0,0.0,Unknown,,,,
frame_220.png,220,0.0,0.0,0.0,0.0,Unknown,,,,
frame_221.png,221,0.0,0.0,0.0,0.0,Unknown,,,,
frame_222.png,222,0.0,0.0,0.0,0.0,Unknown,,,,
frame_223.png,223,0.0,0.0,0.0,0.0,Unknown,,,,
frame_224.png,224,0.0,0.0,0.0,0.0,Unknown,,,,
frame_225.png,225,0.0,0.0,0.0,0.0,Unknown,,,,
frame_226.png,226,0.0,0.0,0.0,0.0,Unknown,,,,
frame_227.png,227,0.0,0.0,0.0,0.0,Unknown,,,,
frame_228.png,228,0.0,0.0,0.0,0.0,Unknown,,,,
frame_229.png,229,0.0,0.0,0.0,0.0,Unknown,,,,
frame_230.png,230,0.0,0.0,0.0,0.0,Unknown,,,,
frame_231.png,231,0.0,0.0,0.0,0.0,Unknown,,,,
frame_232.png,232,0.0,0.0,0.0,0.0,Unknown,,,,
frame_233.png,233,0.0,0.0,0.0,0.0,Unknown,,,,
frame_234.png,234,0.0,0.0,0.0,0.0,Unknown,,,,
frame_235.png,235,0.0,0.0,0.0,0.0,Unknown,,,,
frame_236.png,236,0.0,0.0,0.0,0.0,Unknown,,,,
frame_237.png,237,0.0,0.0,0.0,0.0,Unknown,,,,
frame_238.png,238,0.0,0.0,0.0,0.0,Unknown,,,,
frame_239.png,239,0.0,0.0,0.0,0.0,Unknown,,,,
frame_240.png,240,0.0,0.0,0.0,0.0,Unknown,,,,
frame_241.png,241,0.0,0.0,0.0,0.0,Unknown,,,,
frame_242.png,242,0.0,0.0,0.0,0.0,Unknown,,,,
frame_243.png,243,0.0,0.0,0.0,0.0,Unknown,,,,
frame_244.png,244,0.0,0.0,0.0,0.0,Unknown,,,,
frame_245.png,245,0.0,0.0,0.0,0.0,Unknown,,,,
frame_246.png,246,0.0,0.0,0.0,0.0,Unknown,,,,
frame_247.png,247,0.0,0.0,0.0,0.0,Unknown,,,,
frame_248.png,248,0.0,0.0,0.0,0.0,Unknown,,,,
frame_249.png,249,0.0,0.0,0.0,0.0,Unknown,,,,
frame_250.png,250,0.0,0.0,0.0,0.0,Unknown,,,,
frame_251.png,251,0.0,0.0,0.0,0.0,Unknown,,,,
frame_252.png,252,0.0,0.0,0.0,0.0,Unknown,,,,
frame_253.png,253,0.0,0.0,0.0,0.0,Unknown,,,,
frame_254.png,254,0.0,0.0,0.0,0.0,Unknown,,,,
frame_255.png,255,0.0,0.0,0.0,0.0,Unknown,,,,
frame_256.png,256,0.0,0.0,0.0,0.0,Unknown,,,,
frame_257.png,257,0.0,0.0,0.0,0.0,Unknown,,,,
frame_258.png,258,0.0,0.0,0.0,0.0,Unknown,,,,
frame_259.png,259,0.0,0.0,0.0,0.0,Unknown,,,,
frame_260.png,260,0.0,0.0,0.0,0.0,Unknown,,,,
frame_261.png,261,0.0,0.0,0.0,0.0,Unknown,,,,
frame_262.png,262,0.0,0.0,0.0,0.0,Unknown,,,,
frame_263.png,263,0.0,0.0,0.0,0.0,Unknown,,,,
frame_264.png,264,0.0,0.0,0.0,0.0,Unknown,,,,
frame_265.png,265,0.0,0.0,0.0,0.0,Unknown,,,,
frame_266.png,266,0.0,0.0,0.0,0.0,Unknown,,,,
frame_267.png,267,0.0,0.0,0.0,0.0,Unknown,,,,
frame_268.png,268,0.0,0.0,0.0,0.0,Unknown,,,,
frame_269.png,269,0.0,0.0,0.0,0.0,Unknown,,,,
frame_270.png,270,0.0,0.0,0.0,0.0,Unknown,,,,
frame_271.png,271,0.0,0.0,0.0,0.0,Unknown,,,,
frame_272.png,272,0.0,0.0,0.0,0.0,Unknown,,,,
frame_273.png,273,0.0,0.0,0.0,0.0,Unknown,,,,
frame_274.png,274,0.0,0.0,0.0,0.0,Unknown,,,,
frame_275.png,275,0.0,0.0,0.0,0.0,Unknown,,,,
frame_276.png,276,0.0,0.0,0.0,0.0,Unknown,,,,
frame_277.png,277,0.0,0.0,0.0,0.0,Unknown,,,,
frame_278.png,278,0.0,0.0,0.0,0.0,Unknown,,,,
frame_279.png,279,0.0,0.0,0.0,0.0,Unknown,,,,
frame_280.png,280,0.0,0.0,0.0,0.0,Unknown,,,,
frame_281.png,281,0.0,0.0,0.0,0.0,Unknown,,,,
frame_282.png,282,0.0,0.0,0.0,0.0,Unknown,,,,
frame_283.png,283,0.0,0.0,0.0,0.0,Unknown,,,,
frame_284.png,284,0.0,0.0,0.0,0.0,Unknown,,,,
frame_285.png,285,0.0,0.0,0.0,0.0,Unknown,,,,
frame_286.png,286,0.0,0.0,0.0,0.0,Unknown,,,,
frame_287.png,287,0.0,0.0,0.0,0.0,Unknown,,,,
frame_288.png,288,0.0,0.0,0.0,0.0,Unknown,,,,
frame_289.png,289,0.0,0.0,0.0,0.0,Unknown,,,,
frame_290.png,290,0.0,0.0,0.0,0.0,Unknown,,,,
frame_291.png,291,0.0,0.0,0.0,0.0,Unknown,,,,
frame_292.png,292,0.0,0.0,0.0,0.0,Unknown,,,,
frame_293.png,293,0.0,0.0,0.0,0.0,Unknown,,,,
frame_294.png,294,0.0,0.0,0.0,0.0,Unknown,,,,
frame_295.png,295,0.0,0.0,0.0,0.0,Unknown,,,,
frame_296.png,296,0.0,0.0,0.0,0.0,Unknown,,,,
frame_297.png,297,0.0,0.0,0.0,0.0,Unknown,,,,
frame_298.png,298,0.0,0.0,0.0,0.0,Unknown,,,,
frame_299.png,299,0.0,0.0,0.0,0.0,Unknown,,,,
frame_300.png,300,0.0,0.0,0.0,0.0,Unknown,,,,
frame_301.png,301,0.0,0.0,0.0,0.0,Unknown,,,,
frame_302.png,302,0.0,0.0,0.0,0.0,Unknown,,,,
frame_303.png,303,0.0,0.0,0.0,0.0,Unknown,,,,
frame_304.png,304,0.0,0.0,0.0,0.0,Unknown,,,,
frame_305.png,305,0.0,0.0,0.0,0.0,Unknown,,,,
frame_306.png,306,0.0,0.0,0.0,0.0,Unknown,,,,
frame_307.png,307,0.0,0.0,0.0,0.0,Unknown,,,,
frame_308.png,308,0.0,0.0,0.0,0.0,Unknown,,,,
frame_309.png,309,0.0,0.0,0.0,0.0,Unknown,,,,
frame_310.png,310,0.0,0.0,0.0,0.0,Unknown,,,,
frame_311.png,311,0.0,0.0,0.0,0.0,Unknown,,,,
frame_312.png,312,0.0,0.0,0.0,0.0,Unknown,,,,
frame_313.png,313,0.0,0.0,0.0,0.0,Unknown,,,,
frame_314.png,314,0.0,0.0,0.0,0.0,Unknown,,,,
frame_315.png,315,0.0,0.0,0.0,0.0,Unknown,,,,
frame_316.png,316,0.0,0.0,0.0,0.0,Unknown,,,,
frame_317.png,317,0.0,0.0,0.0,0.0,Unknown,,,,
frame_318.png,318,0.0,0.0,0.0,0.0,Unknown,,,,
frame_319.png,319,0.0,0.0,0.0,0.0,Unknown,,,,
frame_320.png,320,0.0,0.0,0.0,0.0,Unknown,,,,
frame_321.png,321,0.0,0.0,0.0,0.0,Unknown,,,,
frame_322.png,322,0.0,0.0,0.0,0.0,Unknown,,,,
frame_323.png,323,0.0,0.0,0.0,0.0,Unknown,,,,
frame_324.png,324,0.0,0.0,0.0,0.0,Unknown,,,,
frame_325.png,325,0.0,0.0,0.0,0.0,Unknown,,,,
frame_326.png,326,0.0,0.0,0.0,0.0,Unknown,,,,
frame_327.png,327,0.0,0.0,0.0,0.0,Unknown,,,,
frame_328.png,328,0.0,0.0,0.0,0.0,Unknown,,,,
frame_329.png,329,0.0,0.0,0.0,0.0,Unknown,,,,
frame_330.png,330,0.0,0.0,0.0,0.0,Unknown,,,,
frame_331.png,331,0.0,0.0,0.0,0.0,Unknown,,,,
frame_332.png,332,0.0,0.0,0.0,0.0,Unknown,,,,
frame_333.png,333,0.0,0.0,0.0,0.0,Unknown,,,,
frame_334.png,334,0.0,0.0,0.0,0.0,Unknown,,,,
frame_335.png,335,0.0,0.0,0.0,0.0,Unknown,,,,
frame_336.png,336,0.0,0.0,0.0,0.0,Unknown,,,,
frame_337.png,337,0.0,0.0,0.0,0.0,Unknown,,,,
frame_338.png,338,0.0,0.0,0.0,0.0,Unknown,,,,
frame_339.png,339,0.0,0.0,0.0,0.0,Unknown,,,,
frame_340.png,340,0.0,0.0,0.0,0.0,Unknown,,,,
frame_341.png,341,0.0,0.0,0.0,0.0,Unknown,,,,
frame_342.png,342,0.0,0.0,0.0,0.0,Unknown,,,,
frame_343.png,343,0.0,0.0,0.0,0.0,Unknown,,,,
frame_344.png,344,0.0,0.0,0.0,0.0,Unknown,,,,
frame_345.png,345,0.0,0.0,0.0,0.0,Unknown,,,,
frame_346.png,346,0.0,0.0,0.0,0.0,Unknown,,,,
frame_347.png,347,0.0,0.0,0.0,0.0,Unknown,,,,
frame_348.png,348,0.0,0.0,0.0,0.0,Unknown,,,,
frame_349.png,349,0.0,0.0,0.0,0.0,Unknown,,,,
frame_350.png,350,0.0,0.0,0.0,0.0,Unknown,,,,
frame_351.png,351,0.0,0.0,0.0,0.0,Unknown,,,,
frame_352.png,352,0.0,0.0,0.0,0.0,Unknown,,,,
frame_353.png,353,0.0,0.0,0.0,0.0,Unknown,,,,
frame_354.png,354,0.0,0.0,0.0,0.0,Unknown,,,,
frame_355.png,355,0.0,0.0,0.0,0.0,Unknown,,,,
frame_356.png,356,0.0,0.0,0.0,0.0,Unknown,,,,
frame_357.png,357,0.0,0.0,0.0,0.0,Unknown,,,,
frame_358.png,358,0.0,0.0,0.0,0.0,Unknown,,,,
frame_359.png,359,0.0,0.0,0.0,0.0,Unknown,,,,
frame_360.png,360,0.0,0.0,0.0,0.0,Unknown,,,,
frame_361.png,361,0.0,0.0,0.0,0.0,Unknown,,,,
frame_362.png,362,0.0,0.0,0.0,0.0,Unknown,,,,
frame_363.png,363,0.0,0.0,0.0,0.0,Unknown,,,,
frame_364.png,364,0.0,0.0,0.0,0.0,Unknown,,,,
frame_365.png,365,0.0,0.0,0.0,0.0,Unknown,,,,
frame_366.png,366,0.0,0.0,0.0,0.0,Unknown,,,,
frame_367.png,367,0.0,0.0,0.0,0.0,Unknown,,,,
frame_368.png,368,0.0,0.0,0.0,0.0,Unknown,,,,
frame_369.png,369,0.0,0.0,0.0,0.0,Unknown,,,,
frame_370.png,370,0.0,0.0,0.0,0.0,Unknown,,,,
frame_371.png,371,0.0,0.0,0.0,0.0,Unknown,,,,
frame_372.png,372,0.0,0.0,0.0,0.0,Unknown,,,,
frame_373.png,373,0.0,0.0,0.0,0.0,Unknown,,,,
frame_374.png,374,0.0,0.0,0.0,0.0,Unknown,,,,
frame_375.png,375,0.0,0.0,0.0,0.0,Unknown,,,,
frame_376.png,376,0.0,0.0,0.0,0.0,Unknown,,,,
frame_377.png,377,0.0,0.0,0.0,0.0,Unknown,,,,
frame_378.png,378,0.0,0.0,0.0,0.0,Unknown,,,,
frame_379.png,379,0.0,0.0,0.0,0.0,Unknown,,,,
frame_380.png,380,0.0,0.0,0.0,0.0,Unknown,,,,
frame_381.png,381,0.0,0.0,0.0,0.0,Unknown,,,,
frame_382.png,382,0.0,0.0,0.0,0.0,Unknown,,,,
frame_383.png,383,0.0,0.0,0.0,0.0,Unknown,,,,
frame_384.png,384,0.0,0.0,0.0,0.0,Unknown,,,,
frame_385.png,385,0.0,0.0,0.0,0.0,Unknown,,,,
frame_386.png,386,0.0,0.0,0.0,0.0,Unknown,,,,
frame_387.png,387,0.0,0.0,0.0,0.0,Unknown,,,,
frame_388.png,388,0.0,0.0,0.0,0.0,Unknown,,,,
frame_389.png,389,0.0,0.0,0.0,0.0,Unknown,,,,
frame_390.png,390,0.0,0.0,0.0,0.0,Unknown,,,,
frame_391.png,391,0.0,0.0,0.0,0.0,Unknown,,,,
frame_392.png,392,0.0,0.0,0.0,0.0,Unknown,,,,
frame_393.png,393,0.0,0.0,0.0,0.0,Unknown,,,,
frame_394.png,394,0.0,0.0,0.0,0.0,Unknown,,,,
frame_395.png,395,0.0,0.0,0.0,0.0,Unknown,,,,
frame_396.png,396,0.0,0.0,0.0,0.0,Unknown,,,,
frame_397.png,397,0.0,0.0,0.0,0.0,Unknown,,,,
frame_398.png,398,0.0,0.0,0.0,0.0,Unknown,,,,
frame_399.png,399,0.0,0.0,0.0,0.0,Unknown,,,,
frame_400.png,400,0.0,0.0,0.0,0.0,Unknown,,,,
frame_401.png,401,0.0,0.0,0.0,0.0,Unknown,,,,
frame_402.png,402,0.0,0.0,0.0,0.0,Unknown,,,,
frame_403.png,403,0.0,0.0,0.0,0.0,Unknown,,,,
frame_404.png,404,0.0,0.0,0.0,0.0,Unknown,,,,
frame_405.png,405,0.0,0.0,0.0,0.0,Unknown,,,,
frame_406.png,406,0.0,0.0,0.0,0.0,Unknown,,,,
frame_407.png,407,0.0,0.0,0.0,0.0,Unknown,,,,
frame_408.png,408,0.0,0.0,0.0,0.0,Unknown,,,,
frame_409.png,409,0.0,0.0,0.0,0.0,Unknown,,,,
frame_410.png,410,0.0,0.0,0.0,0.0,Unknown,,,,
frame_411.png,411,0.0,0.0,0.0,0.0,Unknown,,,,
frame_412.png,412,0.0,0.0,0.0,0.0,Unknown,,,,
frame_413.png,413,0.0,0.0,0.0,0.0,Unknown,,,,
frame_414.png,414,0.0,0.0,0.0,0.0,Unknown,,,,
frame_415.png,415,0.0,0.0,0.0,0.0,Unknown,,,,
frame_416.png,416,0.0,0.0,0.0,0.0,Unknown,,,,
frame_417.png,417,0.0,0.0,0.0,0.0,Unknown,,,,
frame_418.png,418,0.0,0.0,0.0,0.0,Unknown,,,,
frame_419.png,419,0.0,0.0,0.0,0.0,Unknown,,,,
frame_420.png,420,0.0,0.0,0.0,0.0,Unknown,,,,
frame_421.png,421,0.0,0.0,0.0,0.0,Unknown,,,,
frame_422.png,422,0.0,0.0,0.0,0.0,Unknown,,,,
frame_423.png,423,0.0,0.0,0.0,0.0,Unknown,,,,
frame_424.png,424,0.0,0.0,0.0,0.0,Unknown,,,,
frame_425.png,425,0.0,0.0,0.0,0.0,Unknown,,,,
frame_426.png,426,0.0,0.0,0.0,0.0,Unknown,,,,
frame_427.png,427,0.0,0.0,0.0,0.0,Unknown,,,,
frame_428.png,428,0.0,0.0,0.0,0.0,Unknown,,,,
frame_429.png,429,0.0,0.0,0.0,0.0,Unknown,,,,
frame_430.png,430,0.0,0.0,0.0,0.0,Unknown,,,,
frame_431.png,431,0.0,0.0,0.0,0.0,Unknown,,,,
frame_432.png,432,0.0,0.0,0.0,0.0,Unknown,,,,
frame_433.png,433,0.0,0.0,0.0,0.0,Unknown,,,,
frame_434.png,434,0.0,0.0,0.0,0.0,Unknown,,,,
frame_435.png,435,0.0,0.0,0.0,0.0,Unknown,,,,
frame_436.png,436,0.0,0.0,0.0,0.0,Unknown,,,,
frame_437.png,437,0.0,0.0,0.0,0.0,Unknown,,,,
frame_438.png,438,0.0,0.0,0.0,0.0,Unknown,,,,
frame_439.png,439,0.0,0.0,0.0,0.0,Unknown,,,,
frame_440.png,440,0.0,0.0,0.0,0.0,Unknown,,,,
frame_441.png,441,0.0,0.0,0.0,0.0,Unknown,,,,
frame_442.png,442,0.0,0.0,0.0,0.0,Unknown,,,,
frame_443.png,443,0.0,0.0,0.0,0.0,Unknown,,,,
frame_444.png,444,0.0,0.0,0.0,0.0,Unknown,,,,
frame_445.png,445,0.0,0.0,0.0,0.0,Unknown,,,,
frame_446.png,446,0.0,0.0,0.0,0.0,Unknown,,,,
frame_447.png,447,0.0,0.0,0.0,0.0,Unknown,,,,
frame_448.png,448,0.0,0.0,0.0,0.0,Unknown,,,,
frame_449.png,449,0.0,0.0,0.0,0.0,Unknown,,,,
frame_450.png,450,0.0,0.0,0.0,0.0,Unknown,,,,
frame_451.png,451,0.0,0.0,0.0,0.0,Unknown,,,,
frame_452.png,452,0.0,0.0,0.0,0.0,Unknown,,,,
frame_453.png,453,0.0,0.0,0.0,0.0,Unknown,,,,
frame_454.png,454,0.0,0.0,0.0,0.0,Unknown,,,,
frame_455.png,455,0.0,0.0,0.0,0.0,Unknown,,,,
frame_456.png,456,0.0,0.0,0.0,0.0,Unknown,,,,
frame_457.png,457,0.0,0.0,0.0,0.0,Unknown,,,,
frame_458.png,458,0.0,0.0,0.0,0.0,Unknown,,,,
frame_459.png,459,0.0,0.0,0.0,0.0,Unknown,,,,
frame_460.png,460,0.0,0.0,0.0,0.0,Unknown,,,,
frame_461.png,461,0.0,0.0,0.0,0.0,Unknown,,,,
frame_462.png,462,0.0,0.0,0.0,0.0,Unknown,,,,
frame_463.png,463,0.0,0.0,0.0,0.0,Unknown,,,,
frame_464.png,464,0.0,0.0,0.0,0.0,Unknown,,,,
frame_465.png,465,0.0,0.0,0.0,0.0,Unknown,,,,
frame_466.png,466,0.0,0.0,0.0,0.0,Unknown,,,,
frame_467.png,467,0.0,0.0,0.0,0.0,Unknown,,,,
frame_468.png,468,0.0,0.0,0.0,0.0,Unknown,,,,
frame_469.png,469,0.0,0.0,0.0,0.0,Unknown,,,,
frame_470.png,470,0.0,0.0,0.0,0.0,Unknown,,,,
frame_471.png,471,0.0,0.0,0.0,0.0,Unknown,,,,
frame_472.png,472,0.0,0.0,0.0,0.0,Unknown,,,,
frame_473.png,473,0.0,0.0,0.0,0.0,Unknown,,,,
frame_474.png,474,0.0,0.0,0.0,0.0,Unknown,,,,
frame_475.png,475,0.0,0.0,0.0,0.0,Unknown,,,,
frame_476.png,476,0.0,0.0,0.0,0.0,Unknown,,,,
frame_477.png,477,0.0,0.0,0.0,0.0,Unknown,,,,
frame_478.png,478,0.0,0.0,0.0,0.0,Unknown,,,,
frame_479.png,479,0.0,0.0,0.0,0.0,Unknown,,,,
frame_480.png,480,0.0,0.0,0.0,0.0,Unknown,,,,
frame_481.png,481,0.0,0.0,0.0,0.0,Unknown,,,,
frame_482.png,482,0.0,0.0,0.0,0.0,Unknown,,,,
frame_483.png,483,0.0,0.0,0.0,0.0,Unknown,,,,
frame_484.png,484,0.0,0.0,0.0,0.0,Unknown,,,,
frame_485.png,485,0.0,0.0,0.0,0.0,Unknown,,,,
frame_486.png,486,0.0,0.0,0.0,0.0,Unknown,,,,
frame_487.png,487,0.0,0.0,0.0,0.0,Unknown,,,,
frame_488.png,488,0.0,0.0,0.0,0.0,Unknown,,,,
frame_489.png,489,0.0,0.0,0.0,0.0,Unknown,,,,
frame_490.png,490,0.0,0.0,0.0,0.0,Unknown,,,,
frame_491.png,491,0.0,0.0,0.0,0.0,Unknown,,,,
frame_492.png,492,0.0,0.0,0.0,0.0,Unknown,,,,
frame_493.png,493,0.0,0.0,0.0,0.0,Unknown,,,,
frame_494.png,494,0.0,0.0,0.0,0.0,Unknown,,,,
frame_495.png,495,0.0,0.0,0.0,0.0,Unknown,,,,
frame_496.png,496,0.0,0.0,0.0,0.0,Unknown,,,,
frame_497.png,497,0.0,0.0,0.0,0.0,Unknown,,,,
frame_498.png,498,0.0,0.0,0.0,0.0,Unknown,,,,
frame_499.png,499,0.0,0.0,0.0,0.0,Unknown,,,,
frame_500.png,500,0.0,0.0,0.0,0.0,Unknown,,,,
frame_501.png,501,0.0,0.0,0.0,0.0,Unknown,,,,
frame_502.png,502,0.0,0.0,0.0,0.0,Unknown,,,,
frame_503.png,503,0.0,0.0,0.0,0.0,Unknown,,,,
frame_504.png,504,0.0,0.0,0.0,0.0,Unknown,,,,
frame_505.png,505,0.0,0.0,0.0,0.0,Unknown,,,,
frame_506.png,506,0.0,0.0,0.0,0.0,Unknown,,,,
frame_507.png,507,0.0,0.0,0.0,0.0,Unknown,,,,
frame_508.png,508,0.0,0.0,0.0,0.0,Unknown,,,,
frame_509.png,509,0.0,0.0,0.0,0.0,Unknown,,,,
frame_510.png,510,0.0,0.0,0.0,0.0,Unknown,,,,
frame_511.png,511,0.0,0.0,0.0,0.0,Unknown,,,,
frame_512.png,512,0.0,0.0,0.0,0.0,Unknown,,,,
frame_513.png,513,0.0,0.0,0.0,0.0,Unknown,,,,
frame_514.png,514,0.0,0.0,0.0,0.0,Unknown,,,,
frame_515.png,515,0.0,0.0,0.0,0.0,Unknown,,,,
frame_516.png,516,0.0,0.0,0.0,0.0,Unknown,,,,
frame_517.png,517,0.0,0.0,0.0,0.0,Unknown,,,,
frame_518.png,518,0.0,0.0,0.0,0.0,Unknown,,,,
frame_519.png,519,0.0,0.0,0.0,0.0,Unknown,,,,
frame_520.png,520,0.0,0.0,0.0,0.0,Unknown,,,,
frame_521.png,521,0.0,0.0,0.0,0.0,Unknown,,,,
frame_522.png,522,0.0,0.0,0.0,0.0,Unknown,,,,
frame_523.png,523,0.0,0.0,0.0,0.0,Unknown,,,,
frame_524.png,524,0.0,0.0,0.0,0.0,Unknown,,,,
frame_525.png,525,0.0,0.0,0.0,0.0,Unknown,,,,
frame_526.png,526,0.0,0.0,0.0,0.0,Unknown,,,,
frame_527.png,527,0.0,0.0,0.0,0.0,Unknown,,,,
frame_528.png,528,0.0,0.0,0.0,0.0,Unknown,,,,
frame_529.png,529,0.0,0.0,0.0,0.0,Unknown,,,,
frame_530.png,530,0.0,0.0,0.0,0.0,Unknown,,,,
frame_531.png,531,0.0,0.0,0.0,0.0,Unknown,,,,
frame_532.png,532,0.0,0.0,0.0,0.0,Unknown,,,,
frame_533.png,533,0.0,0.0,0.0,0.0,Unknown,,,,
frame_534.png,534,0.0,0.0,0.0,0.0,Unknown,,,,
frame_535.png,535,0.0,0.0,0.0,0.0,Unknown,,,,
frame_536.png,536,0.0,0.0,0.0,0.0,Unknown,,,,
frame_537.png,537,0.0,0.0,0.0,0.0,Unknown,,,,
frame_538.png,538,0.0,0.0,0.0,0.0,Unknown,,,,
frame_539.png,539,0.0,0.0,0.0,0.0,Unknown,,,,
frame_540.png,540,0.0,0.0,0.0,0.0,Unknown,,,,
frame_541.png,541,0.0,0.0,0.0,0.0,Unknown,,,,
frame_542.png,542,0.0,0.0,0.0,0.0,Unknown,,,,
frame_543.png,543,0.0,0.0,0.0,0.0,Unknown,,,,
frame_544.png,544,0.0,0.0,0.0,0.0,Unknown,,,,
frame_545.png,545,0.0,0.0,0.0,0.0,Unknown,,,,
frame_546.png,546,0.0,0.0,0.0,0.0,Unknown,,,,
frame_547.png,547,0.0,0.0,0.0,0.0,Unknown,,,,
frame_548.png,548,0.0,0.0,0.0,0.0,Unknown,,,,
frame_549.png,549,0.0,0.0,0.0,0.0,Unknown,,,,
frame_550.png,550,0.0,0.0,0.0,0.0,Unknown,,,,
frame_551.png,551,0.0,0.0,0.0,0.0,Unknown,,,,
frame_552.png,552,0.0,0.0,0.0,0.0,Unknown,,,,
frame_553.png,553,0.0,0.0,0.0,0.0,Unknown,,,,
frame_554.png,554,0.0,0.0,0.0,0.0,Unknown,,,,
frame_555.png,555,0.0,0.0,0.0,0.0,Unknown,,,,
frame_556.png,556,0.0,0.0,0.0,0.0,Unknown,,,,
frame_557.png,557,0.0,0.0,0.0,0.0,Unknown,,,,
frame_558.png,558,0.0,0.0,0.0,0.0,Unknown,,,,
frame_559.png,559,0.0,0.0,0.0,0.0,Unknown,,,,
frame_560.png,560,0.0,0.0,0.0,0.0,Unknown,,,,
frame_561.png,561,0.0,0.0,0.0,0.0,Unknown,,,,
frame_562.png,562,0.0,0.0,0.0,0.0,Unknown,,,,
frame_563.png,563,0.0,0.0,0.0,0.0,Unknown,,,,
frame_564.png,564,0.0,0.0,0.0,0.0,Unknown,,,,
frame_565.png,565,0.0,0.0,0.0,0.0,Unknown,,,,
frame_566.png,566,0.0,0.0,0.0,0.0,Unknown,,,,
frame_567.png,567,0.0,0.0,0.0,0.0,Unknown,,,,
frame_568.png,568,0.0,0.0,0.0,0.0,Unknown,,,,
frame_569.png,569,0.0,0.0,0.0,0.0,Unknown,,,,
frame_570.png,570,0.0,0.0,0.0,0.0,Unknown,,,,
frame_571.png,571,0.0,0.0,0.0,0.0,Unknown,,,,
frame_572.png,572,0.0,0.0,0.0,0.0,Unknown,,,,
frame_573.png,573,0.0,0.0,0.0,0.0,Unknown,,,,
frame_574.png,574,0.0,0.0,0.0,0.0,Unknown,,,,
frame_575.png,575,0.0,0.0,0.0,0.0,Unknown,,,,
frame_576.png,576,0.0,0.0,0.0,0.0,Unknown,,,,
frame_577.png,577,0.0,0.0,0.0,0.0,Unknown,,,,
frame_578.png,578,0.0,0.0,0.0,0.0,Unknown,,,,
frame_579.png,579,0.0,0.0,0.0,0.0,Unknown,,,,
frame_580.png,580,0.0,0.0,0.0,0.0,Unknown,,,,
frame_581.png,581,0.0,0.0,0.0,0.0,Unknown,,,,
frame_582.png,582,0.0,0.0,0.0,0.0,Unknown,,,,
frame_583.png,583,0.0,0.0,0.0,0.0,Unknown,,,,
frame_584.png,584,0.0,0.0,0.0,0.0,Unknown,,,,
frame_585.png,585,0.0,0.0,0.0,0.0,Unknown,,,,
frame_586.png,586,0.0,0.0,0.0,0.0,Unknown,,,,
frame_587.png,587,0.0,0.0,0.0,0.0,Unknown,,,,
frame_588.png,588,0.0,0.0,0.0,0.0,Unknown,,,,
frame_589.png,589,0.0,0.0,0.0,0.0,Unknown,,,,
frame_590.png,590,0.0,0.0,0.0,0.0,Unknown,,,,
frame_591.png,591,0.0,0.0,0.0,0.0,Unknown,,,,
frame_592.png,592,0.0,0.0,0.0,0.0,Unknown,,,,
frame_593.png,593,0.0,0.0,0.0,0.0,Unknown,,,,
frame_594.png,594,0.0,0.0,0.0,0.0,Unknown,,,,
frame_595.png,595,0.0,0.0,0.0,0.0,Unknown,,,,
frame_596.png,596,0.0,0.0,0.0,0.0,Unknown,,,,
frame_597.png,597,0.0,0.0,0.0,0.0,Unknown,,,,
frame_598.png,598,0.0,0.0,0.0,0.0,Unknown,,,,
frame_599.png,599,0.0,0.0,0.0,0.0,Unknown,,,,
frame_600.png,600,0.0,0.0,0.0,0.0,Unknown,,,,
frame_601.png,601,0.0,0.0,0.0,0.0,Unknown,,,,
frame_602.png,602,0.0,0.0,0.0,0.0,Unknown,,,,
frame_603.png,603,0.0,0.0,0.0,0.0,Unknown,,,,
frame_604.png,604,0.0,0.0,0.0,0.0,Unknown,,,,
frame_605.png,605,0.0,0.0,0.0,0.0,Unknown,,,,
frame_606.png,606,0.0,0.0,0.0,0.0,Unknown,,,,
frame_607.png,607,0.0,0.0,0.0,0.0,Unknown,,,,
frame_608.png,608,0.0,0.0,0.0,0.0,Unknown,,,,
frame_609.png,609,0.0,0.0,0.0,0.0,Unknown,,,,
frame_610.png,610,0.0,0.0,0.0,0.0,Unknown,,,,
frame_611.png,611,0.0,0.0,0.0,0.0,Unknown,,,,
frame_612.png,612,0.0,0.0,0.0,0.0,Unknown,,,,
frame_613.png,613,0.0,0.0,0.0,0.0,Unknown,,,,
frame_614.png,614,0.0,0.0,0.0,0.0,Unknown,,,,
frame_615.png,615,0.0,0.0,0.0,0.0,Unknown,,,,
frame_616.png,616,0.0,0.0,0.0,0.0,Unknown,,,,
frame_617.png,617,0.0,0.0,0.0,0.0,Unknown,,,,
frame_618.png,618,0.0,0.0,0.0,0.0,Unknown,,,,
frame_619.png,619,0.0,0.0,0.0,0.0,Unknown,,,,
frame_620.png,620,0.0,0.0,0.0,0.0,Unknown,,,,
frame_621.png,621,0.0,0.0,0.0,0.0,Unknown,,,,
frame_622.png,622,0.0,0.0,0.0,0.0,Unknown,,,,
frame_623.png,623,0.0,0.0,0.0,0.0,Unknown,,,,
frame_624.png,624,0.0,0.0,0.0,0.0,Unknown,,,,
frame_625.png,625,0.0,0.0,0.0,0.0,Unknown,,,,
frame_626.png,626,0.0,0.0,0.0,0.0,Unknown,,,,
frame_627.png,627,0.0,0.0,0.0,0.0,Unknown,,,,
frame_628.png,628,0.0,0.0,0.0,0.0,Unknown,,,,
frame_629.png,629,0.0,0.0,0.0,0.0,Unknown,,,,
frame_630.png,630,0.0,0.0,0.0,0.0,Unknown,,,,
frame_631.png,631,0.0,0.0,0.0,0.0,Unknown,,,,
frame_632.png,632,0.0,0.0,0.0,0.0,Unknown,,,,
frame_633.png,633,0.0,0.0,0.0,0.0,Unknown,,,,
frame_634.png,634,0.0,0.0,0.0,0.0,Unknown,,,,
frame_635.png,635,0.0,0.0,0.0,0.0,Unknown,,,,
frame_636.png,636,0.0,0.0,0.0,0.0,Unknown,,,,
frame_637.png,637,0.0,0.0,0.0,0.0,Unknown,,,,
frame_638.png,638,0.0,0.0,0.0,0.0,Unknown,,,,
frame_639.png,639,0.0,0.0,0.0,0.0,Unknown,,,,
frame_640.png,640,0.0,0.0,0.0,0.0,Unknown,,,,
frame_641.png,641,0.0,0.0,0.0,0.0,Unknown,,,,
frame_642.png,642,0.0,0.0,0.0,0.0,Unknown,,,,
frame_643.png,643,0.0,0.0,0.0,0.0,Unknown,,,,
frame_644.png,644,0.0,0.0,0.0,0.0,Unknown,,,,
frame_645.png,645,0.0,0.0,0.0,0.0,Unknown,,,,
frame_646.png,646,0.0,0.0,0.0,0.0,Unknown,,,,
frame_647.png,647,0.0,0.0,0.0,0.0,Unknown,,,,
frame_648.png,648,0.0,0.0,0.0,0.0,Unknown,,,,
frame_649.png,649,0.0,0.0,0.0,0.0,Unknown,,,,
frame_650.png,650,0.0,0.0,0.0,0.0,Unknown,,,,
frame_651.png,651,0.0,0.0,0.0,0.0,Unknown,,,,
frame_652.png,652,0.0,0.0,0.0,0.0,Unknown,,,,
frame_653.png,653,0.0,0.0,0.0,0.0,Unknown,,,,
frame_654.png,654,0.0,0.0,0.0,0.0,Unknown,,,,
frame_655.png,655,0.0,0.0,0.0,0.0,Unknown,,,,
frame_656.png,656,0.0,0.0,0.0,0.0,Unknown,,,,
frame_657.png,657,0.0,0.0,0.0,0.0,Unknown,,,,
frame_658.png,658,0.0,0.0,0.0,0.0,Unknown,,,,
frame_659.png,659,0.0,0.0,0.0,0.0,Unknown,,,,
frame_660.png,660,0.0,0.0,0.0,0.0,Unknown,,,,
frame_661.png,661,0.0,0.0,0.0,0.0,Unknown,,,,
frame_662.png,662,0.0,0.0,0.0,0.0,Unknown,,,,
frame_663.png,663,0.0,0.0,0.0,0.0,Unknown,,,,
frame_664.png,664,0.0,0.0,0.0,0.0,Unknown,,,,
frame_665.png,665,0.0,0.0,0.0,0.0,Unknown,,,,
frame_666.png,666,0.0,0.0,0.0,0.0,Unknown,,,,
frame_667.png,667,0.0,0.0,0.0,0.0,Unknown,,,,
frame_668.png,668,0.0,0.0,0.0,0.0,Unknown,,,,
frame_669.png,669,0.0,0.0,0.0,0.0,Unknown,,,,
frame_670.png,670,0.0,0.0,0.0,0.0,Unknown,,,,
frame_671.png,671,0.0,0.0,0.0,0.0,Unknown,,,,
frame_672.png,672,0.0,0.0,0.0,0.0,Unknown,,,,
frame_673.png,673,0.0,0.0,0.0,0.0,Unknown,,,,
